"","Package","LibPath","Version","Priority","Depends","Imports","LinkingTo","Suggests","Enhances","License","License_is_FOSS","License_restricts_use","OS_type","MD5sum","NeedsCompilation","Built","Published"
"abind","abind","D:/frda_cardio_analysis/scripts/R/renv/library/windows/R-4.6/x86_64-w64-mingw32","1.4-8",NA,"R (>= 1.5.0)","methods, utils",NA,NA,NA,"MIT + file LICENSE",NA,NA,NA,NA,"no","R 4.6.0; ; 2026-04-21 00:41:32 UTC; windows",NA
"AnnotationDbi","AnnotationDbi","D:/frda_cardio_analysis/scripts/R/renv/library/windows/R-4.6/x86_64-w64-mingw32","1.74.0",NA,"R (>= 2.7.0), methods, stats4, BiocGenerics (>= 0.29.2),
Biobase (>= 1.17.0), IRanges","DBI, RSQLite, S4Vectors (>= 0.9.25), stats, KEGGREST",NA,"utils, hgu95av2.db, GO.db, org.Sc.sgd.db, org.At.tair.db,
RUnit, TxDb.Hsapiens.UCSC.hg19.knownGene, org.Hs.eg.db,
reactome.db, AnnotationForge, graph, EnsDb.Hsapiens.v75,
BiocStyle, knitr",NA,"Artistic-2.0",NA,NA,NA,NA,"no","R 4.6.0; ; 2026-05-29 06:40:05 UTC; windows",NA
"askpass","askpass","D:/frda_cardio_analysis/scripts/R/renv/library/windows/R-4.6/x86_64-w64-mingw32","1.2.1",NA,NA,"sys (>= 2.1)",NA,"testthat",NA,"MIT + file LICENSE",NA,NA,NA,NA,"yes","R 4.6.1; x86_64-w64-mingw32; 2026-07-14 01:58:20 UTC; windows",NA
"backports","backports","D:/frda_cardio_analysis/scripts/R/renv/library/windows/R-4.6/x86_64-w64-mingw32","1.5.1",NA,"R (>= 3.0.0)",NA,NA,NA,NA,"GPL-2 | GPL-3",NA,NA,NA,NA,"yes","R 4.6.0; x86_64-w64-mingw32; 2026-04-21 00:41:08 UTC; windows",NA
"base64enc","base64enc","D:/frda_cardio_analysis/scripts/R/renv/library/windows/R-4.6/x86_64-w64-mingw32","0.1-6",NA,"R (>= 2.9.0)",NA,NA,NA,"png","GPL-2 | GPL-3",NA,NA,NA,NA,"yes","R 4.6.0; x86_64-w64-mingw32; 2026-04-21 00:40:54 UTC; windows",NA
"BH","BH","D:/frda_cardio_analysis/scripts/R/renv/library/windows/R-4.6/x86_64-w64-mingw32","1.90.0-1",NA,NA,NA,NA,NA,NA,"BSL-1.0",NA,NA,NA,NA,"no","R 4.6.0; ; 2026-04-21 00:41:53 UTC; windows",NA
"Biobase","Biobase","D:/frda_cardio_analysis/scripts/R/renv/library/windows/R-4.6/x86_64-w64-mingw32","2.72.0",NA,"R (>= 2.10), BiocGenerics (>= 0.27.1), utils","methods",NA,"tools, tkWidgets, ALL, RUnit, golubEsets, BiocStyle, knitr,
limma",NA,"Artistic-2.0",NA,NA,NA,NA,"yes","R 4.6.0; x86_64-w64-mingw32; 2026-04-29 10:50:27 UTC; windows",NA
"BiocGenerics","BiocGenerics","D:/frda_cardio_analysis/scripts/R/renv/library/windows/R-4.6/x86_64-w64-mingw32","0.58.1",NA,"R (>= 4.0.0), methods, utils, graphics, stats, generics","methods, utils, graphics, stats",NA,"Biobase, S4Vectors, IRanges, S4Arrays, SparseArray,
DelayedArray, HDF5Array, GenomicRanges, pwalign, Rsamtools,
AnnotationDbi, affy, affyPLM, DESeq2, flowClust, MSnbase,
annotate, MultiAssayExperiment, RUnit",NA,"Artistic-2.0",NA,NA,NA,NA,"no","R 4.6.0; ; 2026-05-14 10:20:17 UTC; windows",NA
"BiocManager","BiocManager","D:/frda_cardio_analysis/scripts/R/renv/library/windows/R-4.6/x86_64-w64-mingw32","1.30.27",NA,NA,"utils",NA,"BiocVersion, BiocStyle, remotes, rmarkdown, testthat, withr,
curl, knitr",NA,"Artistic-2.0",NA,NA,NA,NA,"no","R 4.6.1; ; 2026-07-14 01:02:31 UTC; windows",NA
"BiocParallel","BiocParallel","D:/frda_cardio_analysis/scripts/R/renv/library/windows/R-4.6/x86_64-w64-mingw32","1.46.0",NA,"methods, R (>= 4.1.0)","stats, utils, futile.logger, parallel, snow, codetools","BH (>= 1.87.0), cpp11","BiocGenerics, tools, foreach, BBmisc, doParallel,
GenomicRanges, RNAseqData.HNRNPC.bam.chr14,
TxDb.Hsapiens.UCSC.hg19.knownGene, VariantAnnotation,
Rsamtools, GenomicAlignments, ShortRead, RUnit, BiocStyle,
knitr, batchtools, data.table","Rmpi","GPL-2 | GPL-3 | BSL-1.0",NA,NA,NA,NA,"yes","R 4.6.0; x86_64-w64-mingw32; 2026-04-29 15:02:21 UTC; windows",NA
"BiocVersion","BiocVersion","D:/frda_cardio_analysis/scripts/R/renv/library/windows/R-4.6/x86_64-w64-mingw32","3.23.1",NA,"R (>= 4.4.0)",NA,NA,NA,NA,"Artistic-2.0",NA,NA,NA,NA,"no","R 4.6.0; ; 2026-03-01 08:32:11 UTC; windows",NA
"Biostrings","Biostrings","D:/frda_cardio_analysis/scripts/R/renv/library/windows/R-4.6/x86_64-w64-mingw32","2.80.1",NA,"R (>= 4.1.0), BiocGenerics (>= 0.37.0), S4Vectors (>=
0.27.12), IRanges (>= 2.31.2), XVector (>= 0.37.1), Seqinfo","methods, grDevices, stats, crayon","S4Vectors, IRanges, XVector","utils, graphics, pwalign, BSgenome (>= 1.13.14),
BSgenome.Celegans.UCSC.ce2 (>= 1.3.11),
BSgenome.Dmelanogaster.UCSC.dm3 (>= 1.3.11),
BSgenome.Hsapiens.UCSC.hg18, drosophila2probe, hgu95av2probe,
hgu133aprobe, GenomicFeatures (>= 1.3.14), hgu95av2cdf, affy
(>= 1.41.3), affydata (>= 1.11.5), RUnit, BiocStyle, knitr,
testthat (>= 3.0.0), covr",NA,"Artistic-2.0",NA,NA,NA,NA,"yes","R 4.6.0; x86_64-w64-mingw32; 2026-05-29 06:45:16 UTC; windows",NA
"bit","bit","D:/frda_cardio_analysis/scripts/R/renv/library/windows/R-4.6/x86_64-w64-mingw32","4.6.0",NA,"R (>= 3.4.0)",NA,NA,"testthat (>= 3.0.0), roxygen2, knitr, markdown, rmarkdown,
microbenchmark, bit64 (>= 4.0.0), ff (>= 4.0.0)",NA,"GPL-2 | GPL-3",NA,NA,NA,NA,"yes","R 4.6.1; x86_64-w64-mingw32; 2026-07-14 01:01:16 UTC; windows",NA
"bit64","bit64","D:/frda_cardio_analysis/scripts/R/renv/library/windows/R-4.6/x86_64-w64-mingw32","4.8.2",NA,"R (>= 3.5.0)","bit (>= 4.0.0), graphics, methods, stats, utils",NA,"patrick (>= 0.3.0), testthat (>= 3.3.0), withr",NA,"GPL-2 | GPL-3",NA,NA,NA,NA,"yes","R 4.6.1; x86_64-w64-mingw32; 2026-07-14 01:58:20 UTC; windows",NA
"blob","blob","D:/frda_cardio_analysis/scripts/R/renv/library/windows/R-4.6/x86_64-w64-mingw32","1.3.0",NA,NA,"methods, rlang, vctrs (>= 0.2.1)",NA,"covr, crayon, pillar (>= 1.2.1), testthat (>= 3.0.0)",NA,"MIT + file LICENSE",NA,NA,NA,NA,"no","R 4.6.1; ; 2026-07-14 02:38:25 UTC; windows",NA
"brew","brew","D:/frda_cardio_analysis/scripts/R/renv/library/windows/R-4.6/x86_64-w64-mingw32","1.0-10",NA,NA,NA,NA,"testthat (>= 3.0.0)",NA,"GPL (>= 2)",NA,NA,NA,NA,"no","R 4.6.1; ; 2026-07-16 01:00:30 UTC; windows",NA
"brio","brio","D:/frda_cardio_analysis/scripts/R/renv/library/windows/R-4.6/x86_64-w64-mingw32","1.1.5",NA,"R (>= 3.6)",NA,NA,"covr, testthat (>= 3.0.0)",NA,"MIT + file LICENSE",NA,NA,NA,NA,"yes","R 4.6.1; x86_64-w64-mingw32; 2026-07-16 01:00:40 UTC; windows",NA
"broom","broom","D:/frda_cardio_analysis/scripts/R/renv/library/windows/R-4.6/x86_64-w64-mingw32","1.0.13",NA,"R (>= 4.1)","backports, cli, dplyr (>= 1.0.0), generics (>= 0.0.2), glue,
lifecycle, purrr, rlang (>= 1.1.0), stringr, tibble (>= 3.0.0),
tidyr (>= 1.0.0)",NA,"AER, AUC, bbmle, betareg (>= 3.2-1), biglm, binGroup, boot,
btergm (>= 1.10.6), car (>= 3.1-2), carData, caret, cluster,
cmprsk, coda, covr, drc, e1071, emmeans, epiR (>= 2.0.85), ergm
(>= 3.10.4), fixest (>= 0.9.0), gam (>= 1.15), gee, geepack,
ggplot2, glmnet, glmnetUtils, gmm, Hmisc, interp, irlba,
joineRML, Kendall, knitr, ks, Lahman, lavaan (>= 0.6.18),
leaps, lfe, lm.beta, lme4, lmodel2, lmtest (>= 0.9.38),
lsmeans, maps, margins, MASS, mclust, mediation, metafor, mfx,
mgcv, mlogit, modeldata, modeltests (>= 0.1.6), muhaz,
multcomp, network, nnet, ordinal, plm, poLCA, psych, quantreg,
rmarkdown, robust, robustbase, rsample, sandwich, spatialreg,
spdep (>= 1.1), speedglm, spelling, stats4, survey, survival
(>= 3.6-4), systemfit, testthat (>= 3.0.0), tseries, vars, zoo",NA,"MIT + file LICENSE",NA,NA,NA,NA,"no","R 4.6.1; ; 2026-07-18 04:14:36 UTC; windows",NA
"bslib","bslib","D:/frda_cardio_analysis/scripts/R/renv/library/windows/R-4.6/x86_64-w64-mingw32","0.11.0",NA,"R (>= 2.10)","base64enc, cachem, fastmap (>= 1.1.1), grDevices, htmltools
(>= 0.5.8), jquerylib (>= 0.1.3), jsonlite, lifecycle, memoise
(>= 2.0.1), mime, rlang, sass (>= 0.4.9)",NA,"brand.yml, bsicons, curl, fontawesome, future, ggplot2,
knitr, lattice, magrittr, rappdirs, rmarkdown (>= 2.7), shiny
(>= 1.11.1.9000), testthat, thematic, tools, utils, withr, yaml",NA,"MIT + file LICENSE",NA,NA,NA,NA,"no","R 4.6.1; ; 2026-07-16 02:35:01 UTC; windows",NA
"cachem","cachem","D:/frda_cardio_analysis/scripts/R/renv/library/windows/R-4.6/x86_64-w64-mingw32","1.1.0",NA,NA,"rlang, fastmap (>= 1.2.0)",NA,"testthat",NA,"MIT + file LICENSE",NA,NA,NA,NA,"yes","R 4.6.1; x86_64-w64-mingw32; 2026-07-14 01:58:21 UTC; windows",NA
"callr","callr","D:/frda_cardio_analysis/scripts/R/renv/library/windows/R-4.6/x86_64-w64-mingw32","3.8.0",NA,"R (>= 3.4)","otel (>= 0.2.0), processx (>= 3.6.1), R6, utils",NA,"asciicast (>= 2.3.1), carrier, cli (>= 1.1.0), otelsdk (>=
0.2.0), ps, rprojroot, spelling, testthat (>= 3.2.0), withr (>=
2.3.0)",NA,"MIT + file LICENSE",NA,NA,NA,NA,"no","R 4.6.1; ; 2026-07-16 02:15:55 UTC; windows",NA
"cellranger","cellranger","D:/frda_cardio_analysis/scripts/R/renv/library/windows/R-4.6/x86_64-w64-mingw32","1.1.0",NA,"R (>= 3.0.0)","rematch, tibble",NA,"covr, testthat (>= 1.0.0), knitr, rmarkdown",NA,"MIT + file LICENSE",NA,NA,NA,NA,"no","R 4.6.1; ; 2026-07-14 03:00:08 UTC; windows",NA
"circlize","circlize","D:/frda_cardio_analysis/scripts/R/renv/library/windows/R-4.6/x86_64-w64-mingw32","0.4.18",NA,"R (>= 4.0.0), graphics","GlobalOptions (>= 0.1.2), shape, grDevices, utils, stats,
colorspace, methods, grid",NA,"knitr, dendextend (>= 1.0.1), ComplexHeatmap (>= 2.0.0),
gridBase, png, markdown, bezier, covr, rmarkdown",NA,"MIT + file LICENSE",NA,NA,NA,NA,"no","R 4.6.1; ; 2026-07-14 01:59:32 UTC; windows",NA
"cli","cli","D:/frda_cardio_analysis/scripts/R/renv/library/windows/R-4.6/x86_64-w64-mingw32","3.6.6",NA,"R (>= 3.4)","utils",NA,"callr, covr, crayon, digest, glue (>= 1.6.0), grDevices,
htmltools, htmlwidgets, knitr, methods, processx, ps (>=
1.3.4.9000), rlang (>= 1.0.2.9003), rmarkdown, rprojroot,
rstudioapi, testthat (>= 3.2.0), tibble, whoami, withr",NA,"MIT + file LICENSE",NA,NA,NA,NA,"yes","R 4.6.1; x86_64-w64-mingw32; 2026-07-14 01:01:14 UTC; windows",NA
"clipr","clipr","D:/frda_cardio_analysis/scripts/R/renv/library/windows/R-4.6/x86_64-w64-mingw32","0.8.1",NA,NA,"utils",NA,"covr, knitr, rmarkdown, rstudioapi (>= 0.5), testthat (>=
2.0.0)",NA,"GPL-3",NA,NA,NA,NA,"no","R 4.6.1; ; 2026-07-16 00:58:59 UTC; windows",NA
"clue","clue","D:/frda_cardio_analysis/scripts/R/renv/library/windows/R-4.6/x86_64-w64-mingw32","0.3-68",NA,"R (>= 3.2.0)","stats, cluster, graphics, methods",NA,"e1071, lpSolve (>= 5.5.7), quadprog (>= 1.4-8), relations","RWeka, ape, cba, cclust, flexclust, flexmix, kernlab, mclust,
movMF, modeltools","GPL-2",NA,NA,NA,NA,"yes","R 4.6.1; x86_64-w64-mingw32; 2026-07-14 01:02:34 UTC; windows",NA
"colorspace","colorspace","D:/frda_cardio_analysis/scripts/R/renv/library/windows/R-4.6/x86_64-w64-mingw32","2.1-3",NA,"R (>= 3.0.0), methods","graphics, grDevices, stats",NA,"datasets, utils, KernSmooth, MASS, kernlab, mvtnorm, vcd,
tcltk, shiny, shinyjs, ggplot2, dplyr, scales, grid, png, jpeg,
knitr, rmarkdown, RColorBrewer, rcartocolor, scico, viridis,
wesanderson",NA,"BSD_3_clause + file LICENSE",NA,NA,NA,NA,"yes","R 4.6.1; x86_64-w64-mingw32; 2026-07-13 23:51:15 UTC; windows",NA
"commonmark","commonmark","D:/frda_cardio_analysis/scripts/R/renv/library/windows/R-4.6/x86_64-w64-mingw32","2.0.0",NA,NA,NA,NA,"curl, testthat, xml2",NA,"BSD_2_clause + file LICENSE",NA,NA,NA,NA,"yes","R 4.6.1; x86_64-w64-mingw32; 2026-07-16 00:58:58 UTC; windows",NA
"ComplexHeatmap","ComplexHeatmap","D:/frda_cardio_analysis/scripts/R/renv/library/windows/R-4.6/x86_64-w64-mingw32","2.28.0",NA,"R (>= 4.0.0), methods, grid, graphics, stats, grDevices","circlize (>= 0.4.14), GetoptLong, colorspace, clue,
RColorBrewer, GlobalOptions (>= 0.1.0), png, digest, IRanges,
matrixStats, foreach, doParallel, codetools",NA,"testthat (>= 1.0.0), knitr, markdown, dendsort, jpeg, tiff,
fastcluster, EnrichedHeatmap, dendextend (>= 1.0.1), grImport,
grImport2, glue, GenomicRanges, gridtext, pheatmap (>= 1.0.12),
gridGraphics, gplots, rmarkdown, Cairo, magick",NA,"MIT + file LICENSE",NA,NA,NA,NA,"no","R 4.6.0; ; 2026-05-01 09:32:49 UTC; windows",NA
"conflicted","conflicted","D:/frda_cardio_analysis/scripts/R/renv/library/windows/R-4.6/x86_64-w64-mingw32","1.2.0",NA,"R (>= 3.2)","cli (>= 3.4.0), memoise, rlang (>= 1.0.0)",NA,"callr, covr, dplyr, Matrix, methods, pkgload, testthat (>=
3.0.0), withr",NA,"MIT + file LICENSE",NA,NA,NA,NA,"no","R 4.6.1; ; 2026-07-18 02:36:19 UTC; windows",NA
"cpp11","cpp11","D:/frda_cardio_analysis/scripts/R/renv/library/windows/R-4.6/x86_64-w64-mingw32","0.5.5",NA,"R (>= 4.0.0)",NA,NA,"bench, brio, callr, cli, covr, decor, desc, ggplot2, glue,
knitr, lobstr, mockery, progress, rmarkdown, scales, Rcpp,
testthat (>= 3.2.0), tibble, utils, vctrs, withr",NA,"MIT + file LICENSE",NA,NA,NA,NA,"no","R 4.6.1; ; 2026-07-14 01:01:14 UTC; windows",NA
"crayon","crayon","D:/frda_cardio_analysis/scripts/R/renv/library/windows/R-4.6/x86_64-w64-mingw32","1.5.3",NA,NA,"grDevices, methods, utils",NA,"mockery, rstudioapi, testthat, withr",NA,"MIT + file LICENSE",NA,NA,NA,NA,"no","R 4.6.1; ; 2026-07-14 01:01:16 UTC; windows",NA
"credentials","credentials","D:/frda_cardio_analysis/scripts/R/renv/library/windows/R-4.6/x86_64-w64-mingw32","2.0.3",NA,NA,"openssl (>= 1.3), sys (>= 2.1), curl, jsonlite, askpass",NA,"testthat, knitr, rmarkdown",NA,"MIT + file LICENSE",NA,NA,NA,NA,"no","R 4.6.1; ; 2026-07-16 02:17:30 UTC; windows",NA
"crosstalk","crosstalk","D:/frda_cardio_analysis/scripts/R/renv/library/windows/R-4.6/x86_64-w64-mingw32","1.2.2",NA,NA,"htmltools (>= 0.3.6), jsonlite, lazyeval, R6",NA,"bslib, ggplot2, sass, shiny, testthat (>= 2.1.0)",NA,"MIT + file LICENSE",NA,NA,NA,NA,"no","R 4.6.1; ; 2026-07-18 02:36:23 UTC; windows",NA
"curl","curl","D:/frda_cardio_analysis/scripts/R/renv/library/windows/R-4.6/x86_64-w64-mingw32","7.1.0",NA,"R (>= 3.0.0)",NA,NA,"spelling, testthat (>= 1.0.0), knitr, jsonlite, later,
rmarkdown, httpuv (>= 1.4.4), webutils",NA,"MIT + file LICENSE",NA,NA,NA,NA,"yes","R 4.6.1; x86_64-w64-mingw32; 2026-07-14 01:01:26 UTC; windows",NA
"data.table","data.table","D:/frda_cardio_analysis/scripts/R/renv/library/windows/R-4.6/x86_64-w64-mingw32","1.18.4",NA,"R (>= 3.4.0)","methods",NA,"bit64 (>= 4.0.0), bit (>= 4.0.4), R.utils (>= 2.13.0), xts,
zoo (>= 1.8-1), yaml, knitr, markdown",NA,"MPL-2.0 | file LICENSE",NA,NA,NA,NA,"yes","R 4.6.1; x86_64-w64-mingw32; 2026-07-18 01:20:30 UTC; windows",NA
"DBI","DBI","D:/frda_cardio_analysis/scripts/R/renv/library/windows/R-4.6/x86_64-w64-mingw32","1.3.0",NA,"methods, R (>= 3.0.0)",NA,NA,"arrow, blob, callr, covr, DBItest (>= 1.8.2), dbplyr,
downlit, dplyr, glue, hms, knitr, magrittr, nanoarrow (>=
0.3.0.1), otel, otelsdk, RMariaDB, rmarkdown, rprojroot,
RSQLite (>= 1.1-2), testthat (>= 3.0.0), vctrs, xml2",NA,"LGPL (>= 2.1)",NA,NA,NA,NA,"no","R 4.6.1; ; 2026-07-14 01:01:44 UTC; windows",NA
"dbplyr","dbplyr","D:/frda_cardio_analysis/scripts/R/renv/library/windows/R-4.6/x86_64-w64-mingw32","2.6.0",NA,"R (>= 4.1)","blob (>= 1.2.0), cli (>= 3.6.1), DBI (>= 1.1.3), dplyr (>=
1.1.2), glue (>= 1.6.2), lifecycle (>= 1.0.3), magrittr,
methods, pillar (>= 1.9.0), purrr (>= 1.0.1), R6 (>= 2.2.2),
rlang (>= 1.1.1), tibble (>= 3.2.1), tidyr (>= 1.3.0),
tidyselect (>= 1.2.1), utils, vctrs (>= 0.6.3), withr (>=
2.5.0)",NA,"adbcdrivermanager, adbcsqlite, adbi, bit64, covr, knitr,
Lahman, nycflights13, odbc (>= 1.4.2), RJDBC, RMariaDB (>=
1.2.2), rmarkdown, RPostgres (>= 1.4.5), RPostgreSQL, RSQLite
(>= 2.3.8), testthat (>= 3.1.10)",NA,"MIT + file LICENSE",NA,NA,NA,NA,"no","R 4.6.1; ; 2026-07-18 04:14:42 UTC; windows",NA
"DelayedArray","DelayedArray","D:/frda_cardio_analysis/scripts/R/renv/library/windows/R-4.6/x86_64-w64-mingw32","0.38.2",NA,"R (>= 4.0.0), methods, stats4, Matrix, BiocGenerics (>=
0.53.3), MatrixGenerics (>= 1.1.3), S4Vectors (>= 0.47.6),
IRanges (>= 2.17.3), S4Arrays (>= 1.9.3), SparseArray (>=
1.7.5)","stats",NA,"BiocParallel, HDF5Array (>= 1.17.12), ZarrArray, genefilter,
SummarizedExperiment, airway, lobstr, DelayedMatrixStats,
knitr, rmarkdown, BiocStyle, RUnit",NA,"Artistic-2.0",NA,NA,NA,NA,"no","R 4.6.0; ; 2026-05-26 21:59:34 UTC; windows",NA
"desc","desc","D:/frda_cardio_analysis/scripts/R/renv/library/windows/R-4.6/x86_64-w64-mingw32","1.4.3",NA,"R (>= 3.4)","cli, R6, utils",NA,"callr, covr, gh, spelling, testthat, whoami, withr",NA,"MIT + file LICENSE",NA,NA,NA,NA,"no","R 4.6.1; ; 2026-07-16 01:00:07 UTC; windows",NA
"DESeq2","DESeq2","D:/frda_cardio_analysis/scripts/R/renv/library/windows/R-4.6/x86_64-w64-mingw32","1.52.0",NA,"S4Vectors (>= 0.23.18), IRanges, GenomicRanges,
SummarizedExperiment (>= 1.1.6)","BiocGenerics (>= 0.7.5), Biobase, BiocParallel, matrixStats,
methods, stats4, locfit, ggplot2 (>= 3.4.0), Rcpp (>= 0.11.0),
MatrixGenerics","Rcpp, RcppArmadillo","testthat, knitr, rmarkdown, vsn, pheatmap, RColorBrewer,
apeglm, ashr, tximport, tximeta, tximportData, readr, pbapply,
airway, glmGamPoi, BiocManager",NA,"LGPL (>= 3)",NA,NA,NA,NA,"yes","R 4.6.0; x86_64-w64-mingw32; 2026-04-29 13:06:15 UTC; windows",NA
"devtools","devtools","D:/frda_cardio_analysis/scripts/R/renv/library/windows/R-4.6/x86_64-w64-mingw32","2.5.2",NA,"R (>= 4.1), usethis (>= 3.2.1)","cli (>= 3.6.6), desc (>= 1.4.3), ellipsis (>= 0.3.3), fs (>=
2.1.0), lifecycle (>= 1.0.5), memoise (>= 2.0.1), miniUI (>=
0.1.2), pak (>= 0.9.5), pkgbuild (>= 1.4.8), pkgdown (>=
2.2.0), pkgload (>= 1.5.2), profvis (>= 0.4.0), rcmdcheck (>=
1.4.0), rlang (>= 1.2.0), roxygen2 (>= 7.3.3), rversions (>=
3.0.0), sessioninfo (>= 1.2.3), testthat (>= 3.3.2), urlchecker
(>= 1.0.1), withr (>= 3.0.2)",NA,"BiocManager (>= 1.30.18), callr (>= 3.7.1), covr (>= 3.5.1),
curl (>= 4.3.2), digest (>= 0.6.29), DT (>= 0.23), foghorn (>=
1.4.2), gh (>= 1.3.0), httr2 (>= 1.0.0), knitr (>= 1.39), lintr
(>= 3.0.0), quarto (>= 1.5.1), remotes (>= 2.5.0), rmarkdown
(>= 2.14), rstudioapi (>= 0.13), spelling (>= 2.2), xml2",NA,"MIT + file LICENSE",NA,NA,NA,NA,"no","R 4.6.1; ; 2026-07-16 03:35:32 UTC; windows",NA
"diffobj","diffobj","D:/frda_cardio_analysis/scripts/R/renv/library/windows/R-4.6/x86_64-w64-mingw32","0.3.6",NA,"R (>= 3.1.0)","crayon (>= 1.3.2), tools, methods, utils, stats",NA,"knitr, rmarkdown",NA,"GPL-2 | GPL-3",NA,NA,NA,NA,"yes","R 4.6.1; x86_64-w64-mingw32; 2026-07-16 01:00:41 UTC; windows",NA
"digest","digest","D:/frda_cardio_analysis/scripts/R/renv/library/windows/R-4.6/x86_64-w64-mingw32","0.6.39",NA,"R (>= 3.3.0)","utils",NA,"tinytest, simplermarkdown, rbenchmark",NA,"GPL (>= 2)",NA,NA,NA,NA,"yes","R 4.6.1; x86_64-w64-mingw32; 2026-07-14 01:01:14 UTC; windows",NA
"doParallel","doParallel","D:/frda_cardio_analysis/scripts/R/renv/library/windows/R-4.6/x86_64-w64-mingw32","1.0.17",NA,"R (>= 2.14.0), foreach (>= 1.2.0), iterators (>= 1.0.0),
parallel, utils",NA,NA,"caret, mlbench, rpart, RUnit","compiler","GPL-2",NA,NA,NA,NA,"no","R 4.6.1; ; 2026-07-14 02:18:17 UTC; windows",NA
"downlit","downlit","D:/frda_cardio_analysis/scripts/R/renv/library/windows/R-4.6/x86_64-w64-mingw32","0.4.5",NA,"R (>= 4.0.0)","brio, desc, digest, evaluate, fansi, memoise, rlang, vctrs,
withr, yaml",NA,"covr, htmltools, jsonlite, MASS, MassSpecWavelet, pkgload,
rmarkdown, testthat (>= 3.0.0), xml2",NA,"MIT + file LICENSE",NA,NA,NA,NA,"no","R 4.6.1; ; 2026-07-16 02:35:34 UTC; windows",NA
"dplyr","dplyr","D:/frda_cardio_analysis/scripts/R/renv/library/windows/R-4.6/x86_64-w64-mingw32","1.2.1",NA,"R (>= 4.1.0)","cli (>= 3.6.2), generics, glue (>= 1.3.2), lifecycle (>=
1.0.5), magrittr (>= 1.5), methods, pillar (>= 1.9.0), R6,
rlang (>= 1.1.7), tibble (>= 3.2.0), tidyselect (>= 1.2.0),
utils, vctrs (>= 0.7.1)",NA,"broom, covr, DBI, dbplyr (>= 2.2.1), ggplot2, knitr, Lahman,
lobstr, nycflights13, purrr, rmarkdown, RSQLite, stringi (>=
1.7.6), testthat (>= 3.1.5), tidyr (>= 1.3.0), withr",NA,"MIT + file LICENSE",NA,NA,NA,NA,"yes","R 4.6.1; x86_64-w64-mingw32; 2026-07-07 03:27:17 UTC; windows",NA
"dtplyr","dtplyr","D:/frda_cardio_analysis/scripts/R/renv/library/windows/R-4.6/x86_64-w64-mingw32","1.3.3",NA,"R (>= 4.0)","cli (>= 3.4.0), data.table (>= 1.13.0), dplyr (>= 1.1.0),
glue, lifecycle, rlang (>= 1.0.4), tibble, tidyselect (>=
1.2.0), vctrs (>= 0.4.1)",NA,"bench, covr, knitr, rmarkdown, testthat (>= 3.1.2), tidyr (>=
1.1.0), waldo (>= 0.3.1)",NA,"MIT + file LICENSE",NA,NA,NA,NA,"no","R 4.6.1; ; 2026-07-18 03:57:01 UTC; windows",NA
"ellipsis","ellipsis","D:/frda_cardio_analysis/scripts/R/renv/library/windows/R-4.6/x86_64-w64-mingw32","0.3.3",NA,"R (>= 3.2)","rlang (>= 1.1.7)",NA,"covr, testthat",NA,"MIT + file LICENSE",NA,NA,NA,NA,"no","R 4.6.1; ; 2026-07-16 01:02:27 UTC; windows",NA
"EnhancedVolcano","EnhancedVolcano","D:/frda_cardio_analysis/scripts/R/renv/library/windows/R-4.6/x86_64-w64-mingw32","1.30.0",NA,"ggplot2, ggrepel","methods, scales, grid, grDevices",NA,"RUnit, ggrastr, BiocGenerics, knitr, DESeq2, pasilla, airway,
org.Hs.eg.db, gridExtra, magrittr, rmarkdown",NA,"GPL-3",NA,NA,NA,NA,"no","R 4.6.0; ; 2026-04-29 15:14:28 UTC; windows",NA
"evaluate","evaluate","D:/frda_cardio_analysis/scripts/R/renv/library/windows/R-4.6/x86_64-w64-mingw32","1.0.5",NA,"R (>= 3.6.0)",NA,NA,"callr, covr, ggplot2 (>= 3.3.6), lattice, methods, pkgload,
ragg (>= 1.4.0), rlang (>= 1.1.5), knitr, testthat (>= 3.0.0),
withr",NA,"MIT + file LICENSE",NA,NA,NA,NA,"no","R 4.6.1; ; 2026-07-16 00:59:26 UTC; windows",NA
"fansi","fansi","D:/frda_cardio_analysis/scripts/R/renv/library/windows/R-4.6/x86_64-w64-mingw32","1.0.7",NA,"R (>= 3.1.0)","grDevices, utils",NA,"unitizer, knitr, rmarkdown",NA,"GPL-2 | GPL-3",NA,NA,NA,NA,"yes","R 4.6.1; x86_64-w64-mingw32; 2026-07-16 01:00:58 UTC; windows",NA
"farver","farver","D:/frda_cardio_analysis/scripts/R/renv/library/windows/R-4.6/x86_64-w64-mingw32","2.1.2",NA,NA,NA,NA,"covr, testthat (>= 3.0.0)",NA,"MIT + file LICENSE",NA,NA,NA,NA,"yes","R 4.6.1; x86_64-w64-mingw32; 2026-07-14 01:01:14 UTC; windows",NA
"fastmap","fastmap","D:/frda_cardio_analysis/scripts/R/renv/library/windows/R-4.6/x86_64-w64-mingw32","1.2.0",NA,NA,NA,NA,"testthat (>= 2.1.1)",NA,"MIT + file LICENSE",NA,NA,NA,NA,"yes","R 4.6.1; x86_64-w64-mingw32; 2026-07-14 01:01:15 UTC; windows",NA
"fontawesome","fontawesome","D:/frda_cardio_analysis/scripts/R/renv/library/windows/R-4.6/x86_64-w64-mingw32","0.5.3",NA,"R (>= 3.3.0)","rlang (>= 1.0.6), htmltools (>= 0.5.1.1)",NA,"covr, dplyr (>= 1.0.8), gt (>= 0.9.0), knitr (>= 1.31),
testthat (>= 3.0.0), rsvg",NA,"MIT + file LICENSE",NA,NA,NA,NA,"no","R 4.6.1; ; 2026-07-16 02:15:43 UTC; windows",NA
"forcats","forcats","D:/frda_cardio_analysis/scripts/R/renv/library/windows/R-4.6/x86_64-w64-mingw32","1.0.1",NA,"R (>= 4.1)","cli (>= 3.4.0), glue, lifecycle, magrittr, rlang (>= 1.0.0),
tibble",NA,"covr, dplyr, ggplot2, knitr, readr, rmarkdown, testthat (>=
3.0.0), withr",NA,"MIT + file LICENSE",NA,NA,NA,NA,"no","R 4.6.1; ; 2026-07-18 03:33:27 UTC; windows",NA
"foreach","foreach","D:/frda_cardio_analysis/scripts/R/renv/library/windows/R-4.6/x86_64-w64-mingw32","1.5.2",NA,"R (>= 2.5.0)","codetools, utils, iterators",NA,"randomForest, doMC, doParallel, testthat, knitr, rmarkdown",NA,"Apache License (== 2.0)",NA,NA,NA,NA,"no","R 4.6.1; ; 2026-07-14 01:58:29 UTC; windows",NA
"formatR","formatR","D:/frda_cardio_analysis/scripts/R/renv/library/windows/R-4.6/x86_64-w64-mingw32","1.14",NA,"R (>= 3.2.3)",NA,NA,"rstudioapi, shiny, testit, rmarkdown, knitr",NA,"GPL",NA,NA,NA,NA,"no","R 4.6.1; ; 2026-07-14 01:05:29 UTC; windows",NA
"fs","fs","D:/frda_cardio_analysis/scripts/R/renv/library/windows/R-4.6/x86_64-w64-mingw32","2.1.0",NA,"R (>= 4.1)","methods",NA,"covr, crayon, knitr, pillar (>= 1.0.0), rmarkdown, spelling,
testthat (>= 3.0.0), tibble (>= 1.1.0), vctrs (>= 0.3.0), withr",NA,"MIT + file LICENSE",NA,NA,NA,NA,"yes","R 4.6.1; x86_64-w64-mingw32; 2026-07-16 00:58:57 UTC; windows",NA
"futile.logger","futile.logger","D:/frda_cardio_analysis/scripts/R/renv/library/windows/R-4.6/x86_64-w64-mingw32","1.4.9",NA,"R (>= 3.0.0)","utils, lambda.r (>= 1.1.0), futile.options",NA,"testit, jsonlite, httr, crayon, rsyslog, glue",NA,"LGPL-3",NA,NA,NA,NA,"no","R 4.6.1; ; 2026-07-14 02:21:20 UTC; windows",NA
"futile.options","futile.options","D:/frda_cardio_analysis/scripts/R/renv/library/windows/R-4.6/x86_64-w64-mingw32","1.0.1",NA,"R (>= 2.8.0)",NA,NA,NA,NA,"LGPL-3",NA,NA,NA,NA,"no","R 4.6.0; ; 2026-04-21 00:49:44 UTC; windows",NA
"gargle","gargle","D:/frda_cardio_analysis/scripts/R/renv/library/windows/R-4.6/x86_64-w64-mingw32","1.6.1",NA,"R (>= 4.1)","cli (>= 3.0.1), fs (>= 1.3.1), glue (>= 1.3.0), httr (>=
1.4.5), jsonlite, lifecycle (>= 0.2.0), openssl, rappdirs,
rlang (>= 1.1.0), stats, utils, withr",NA,"aws.ec2metadata, aws.signature, covr, httpuv, knitr,
rmarkdown, sodium, spelling, testthat (>= 3.1.7)",NA,"MIT + file LICENSE",NA,NA,NA,NA,"no","R 4.6.1; ; 2026-07-18 03:16:06 UTC; windows",NA
"generics","generics","D:/frda_cardio_analysis/scripts/R/renv/library/windows/R-4.6/x86_64-w64-mingw32","0.1.4",NA,"R (>= 3.6)","methods",NA,"covr, pkgload, testthat (>= 3.0.0), tibble, withr",NA,"MIT + file LICENSE",NA,NA,NA,NA,"no","R 4.6.1; ; 2026-07-14 01:01:11 UTC; windows",NA
"GenomicRanges","GenomicRanges","D:/frda_cardio_analysis/scripts/R/renv/library/windows/R-4.6/x86_64-w64-mingw32","1.64.0",NA,"R (>= 4.0.0), methods, stats4, BiocGenerics (>= 0.53.2),
S4Vectors (>= 0.45.2), IRanges (>= 2.43.6), Seqinfo (>= 0.99.3)","utils, stats",NA,"GenomeInfoDb, Biobase, AnnotationDbi, annotate, Biostrings
(>= 2.77.2), SummarizedExperiment (>= 1.39.1), Rsamtools,
GenomicAlignments, BSgenome, GenomicFeatures, UCSC.utils,
txdbmaker, Gviz, VariantAnnotation, AnnotationHub, DESeq2,
DEXSeq, edgeR, KEGGgraph, RNAseqData.HNRNPC.bam.chr14,
pasillaBamSubset, KEGGREST, hgu95av2.db, hgu95av2probe,
BSgenome.Scerevisiae.UCSC.sacCer2, BSgenome.Hsapiens.UCSC.hg38,
BSgenome.Mmusculus.UCSC.mm10,
TxDb.Athaliana.BioMart.plantsmart51,
TxDb.Dmelanogaster.UCSC.dm3.ensGene,
TxDb.Hsapiens.UCSC.hg38.knownGene,
TxDb.Mmusculus.UCSC.mm10.knownGene, RUnit, digest, knitr,
rmarkdown, BiocStyle",NA,"Artistic-2.0",NA,NA,NA,NA,"no","R 4.6.0; ; 2026-04-29 15:12:33 UTC; windows",NA
"gert","gert","D:/frda_cardio_analysis/scripts/R/renv/library/windows/R-4.6/x86_64-w64-mingw32","2.3.1",NA,NA,"askpass, credentials (>= 1.2.1), openssl (>= 2.0.3),
rstudioapi (>= 0.11), sys, zip (>= 2.1.0)",NA,"spelling, knitr, rmarkdown, testthat",NA,"MIT + file LICENSE",NA,NA,NA,NA,"yes","R 4.6.1; x86_64-w64-mingw32; 2026-07-16 02:36:08 UTC; windows",NA
"GetoptLong","GetoptLong","D:/frda_cardio_analysis/scripts/R/renv/library/windows/R-4.6/x86_64-w64-mingw32","1.1.1",NA,"R (>= 4.0.0)","rjson, GlobalOptions (>= 0.1.0), methods, crayon",NA,"testthat (>= 1.0.0), knitr, markdown, rmarkdown",NA,"MIT + file LICENSE",NA,NA,NA,NA,"no","R 4.6.1; ; 2026-07-14 01:13:47 UTC; windows",NA
"ggplot2","ggplot2","D:/frda_cardio_analysis/scripts/R/renv/library/windows/R-4.6/x86_64-w64-mingw32","4.0.3",NA,"R (>= 4.1)","cli, grDevices, grid, gtable (>= 0.3.6), isoband, lifecycle (>
1.0.1), rlang (>= 1.1.0), S7, scales (>= 1.4.0), stats, vctrs
(>= 0.6.0), withr (>= 2.5.0)",NA,"broom, covr, dplyr, ggplot2movies, hexbin, Hmisc, hms, knitr,
mapproj, maps, MASS, mgcv, multcomp, munsell, nlme, profvis,
quantreg, quarto, ragg (>= 1.2.6), RColorBrewer, roxygen2,
rpart, sf (>= 0.7-3), svglite (>= 2.1.2), testthat (>= 3.1.5),
tibble, vdiffr (>= 1.0.6), xml2","sp","MIT + file LICENSE",NA,NA,NA,NA,"no","R 4.6.1; ; 2026-07-14 02:38:19 UTC; windows",NA
"ggrepel","ggrepel","D:/frda_cardio_analysis/scripts/R/renv/library/windows/R-4.6/x86_64-w64-mingw32","0.9.8",NA,"R (>= 4.1.0), ggplot2 (>= 3.5.2)","grid, Rcpp, rlang (>= 1.1.6), S7, scales (>= 1.4.0), withr (>=
3.0.2)","Rcpp","knitr, rmarkdown, testthat, svglite, vdiffr, gridExtra, ggpp,
patchwork, devtools, prettydoc, ggbeeswarm, dplyr, magrittr,
readr, stringr, marquee, rsvg, sf",NA,"GPL-3 | file LICENSE",NA,NA,NA,NA,"yes","R 4.6.1; x86_64-w64-mingw32; 2026-07-14 03:00:03 UTC; windows",NA
"gh","gh","D:/frda_cardio_analysis/scripts/R/renv/library/windows/R-4.6/x86_64-w64-mingw32","1.6.0",NA,"R (>= 4.1)","cli (>= 3.0.1), gitcreds, glue, httr2 (>= 1.0.6), ini,
jsonlite, lifecycle, rlang (>= 1.1.0)",NA,"connectcreds, covr, knitr, rmarkdown, rprojroot, spelling,
testthat (>= 3.0.0), vctrs, webfakes (>= 1.5.0), withr",NA,"MIT + file LICENSE",NA,NA,NA,NA,"no","R 4.6.1; ; 2026-07-16 02:36:08 UTC; windows",NA
"gitcreds","gitcreds","D:/frda_cardio_analysis/scripts/R/renv/library/windows/R-4.6/x86_64-w64-mingw32","0.1.2",NA,"R (>= 3.4)",NA,NA,"codetools, covr, knitr, mockery, oskeyring, rmarkdown,
testthat (>= 3.0.0), withr",NA,"MIT + file LICENSE",NA,NA,NA,NA,"no","R 4.6.1; ; 2026-07-16 01:01:39 UTC; windows",NA
"GlobalOptions","GlobalOptions","D:/frda_cardio_analysis/scripts/R/renv/library/windows/R-4.6/x86_64-w64-mingw32","0.1.4",NA,"R (>= 3.3.0), methods","utils",NA,"testthat (>= 1.0.0), knitr, markdown, GetoptLong, rmarkdown",NA,"MIT + file LICENSE",NA,NA,NA,NA,"no","R 4.6.1; ; 2026-07-14 01:05:55 UTC; windows",NA
"glue","glue","D:/frda_cardio_analysis/scripts/R/renv/library/windows/R-4.6/x86_64-w64-mingw32","1.8.1",NA,"R (>= 4.1)","methods",NA,"crayon, DBI (>= 1.2.0), dplyr, knitr, rlang, rmarkdown,
RSQLite, testthat (>= 3.2.0), vctrs (>= 0.3.0), waldo (>=
0.5.3), withr",NA,"MIT + file LICENSE",NA,NA,NA,NA,"yes","R 4.6.1; x86_64-w64-mingw32; 2026-07-14 01:01:13 UTC; windows",NA
"googledrive","googledrive","D:/frda_cardio_analysis/scripts/R/renv/library/windows/R-4.6/x86_64-w64-mingw32","2.1.2",NA,"R (>= 4.1)","cli (>= 3.0.0), gargle (>= 1.6.0), glue (>= 1.4.2), httr,
jsonlite, lifecycle, magrittr, pillar (>= 1.9.0), purrr (>=
1.0.1), rlang (>= 1.0.2), tibble (>= 2.0.0), utils, uuid, vctrs
(>= 0.3.0), withr",NA,"curl, dplyr (>= 1.0.0), knitr, rmarkdown, spelling, testthat
(>= 3.1.5)",NA,"MIT + file LICENSE",NA,NA,NA,NA,"no","R 4.6.1; ; 2026-07-18 03:33:29 UTC; windows",NA
"googlesheets4","googlesheets4","D:/frda_cardio_analysis/scripts/R/renv/library/windows/R-4.6/x86_64-w64-mingw32","1.1.2",NA,"R (>= 3.6)","cellranger, cli (>= 3.0.0), curl, gargle (>= 1.6.0), glue (>=
1.3.0), googledrive (>= 2.1.0), httr, ids, lifecycle, magrittr,
methods, purrr, rematch2, rlang (>= 1.0.2), tibble (>= 2.1.1),
utils, vctrs (>= 0.2.3), withr",NA,"readr, rmarkdown, spelling, testthat (>= 3.1.7)",NA,"MIT + file LICENSE",NA,NA,NA,NA,"no","R 4.6.1; ; 2026-07-18 03:57:02 UTC; windows",NA
"gtable","gtable","D:/frda_cardio_analysis/scripts/R/renv/library/windows/R-4.6/x86_64-w64-mingw32","0.3.6",NA,"R (>= 4.0)","cli, glue, grid, lifecycle, rlang (>= 1.1.0), stats",NA,"covr, ggplot2, knitr, profvis, rmarkdown, testthat (>= 3.0.0)",NA,"MIT + file LICENSE",NA,NA,NA,NA,"no","R 4.6.1; ; 2026-07-14 02:18:03 UTC; windows",NA
"haven","haven","D:/frda_cardio_analysis/scripts/R/renv/library/windows/R-4.6/x86_64-w64-mingw32","2.5.5",NA,"R (>= 3.6)","cli (>= 3.0.0), forcats (>= 0.2.0), hms, lifecycle, methods,
readr (>= 0.1.0), rlang (>= 0.4.0), tibble, tidyselect, vctrs
(>= 0.3.0)","cpp11","covr, crayon, fs, knitr, pillar (>= 1.4.0), rmarkdown,
testthat (>= 3.0.0), utf8",NA,"MIT + file LICENSE",NA,NA,NA,NA,"yes","R 4.6.1; x86_64-w64-mingw32; 2026-07-18 04:14:49 UTC; windows",NA
"highr","highr","D:/frda_cardio_analysis/scripts/R/renv/library/windows/R-4.6/x86_64-w64-mingw32","0.12",NA,"R (>= 3.3.0)","xfun (>= 0.18)",NA,"knitr, markdown, testit",NA,"GPL",NA,NA,NA,NA,"no","R 4.6.1; ; 2026-07-16 01:55:52 UTC; windows",NA
"hms","hms","D:/frda_cardio_analysis/scripts/R/renv/library/windows/R-4.6/x86_64-w64-mingw32","1.1.4",NA,NA,"cli, lifecycle, methods, pkgconfig, rlang (>= 1.0.2), vctrs
(>= 0.3.8)",NA,"crayon, lubridate, pillar (>= 1.1.0), testthat (>= 3.0.0)",NA,"MIT + file LICENSE",NA,NA,NA,NA,"no","R 4.6.1; ; 2026-07-14 02:38:19 UTC; windows",NA
"htmltools","htmltools","D:/frda_cardio_analysis/scripts/R/renv/library/windows/R-4.6/x86_64-w64-mingw32","0.5.9",NA,"R (>= 2.14.1)","base64enc, digest, fastmap (>= 1.1.0), grDevices, rlang (>=
1.0.0), utils",NA,"Cairo, markdown, ragg, shiny, testthat, withr","knitr","GPL (>= 2)",NA,NA,NA,NA,"yes","R 4.6.1; x86_64-w64-mingw32; 2026-07-16 01:55:44 UTC; windows",NA
"htmlwidgets","htmlwidgets","D:/frda_cardio_analysis/scripts/R/renv/library/windows/R-4.6/x86_64-w64-mingw32","1.6.4",NA,NA,"grDevices, htmltools (>= 0.5.7), jsonlite (>= 0.9.16), knitr
(>= 1.8), rmarkdown, yaml",NA,"testthat","shiny (>= 1.1)","MIT + file LICENSE",NA,NA,NA,NA,"no","R 4.6.1; ; 2026-07-16 03:17:17 UTC; windows",NA
"httpuv","httpuv","D:/frda_cardio_analysis/scripts/R/renv/library/windows/R-4.6/x86_64-w64-mingw32","1.6.17",NA,"R (>= 2.15.1)","later (>= 0.8.0), promises, R6, Rcpp (>= 1.0.7), utils","later, Rcpp","callr, curl, jsonlite, testthat (>= 3.0.0), websocket",NA,"GPL (>= 2) | file LICENSE",NA,NA,NA,NA,"yes","R 4.6.1; x86_64-w64-mingw32; 2026-07-16 02:34:58 UTC; windows",NA
"httr","httr","D:/frda_cardio_analysis/scripts/R/renv/library/windows/R-4.6/x86_64-w64-mingw32","1.4.8",NA,"R (>= 3.6)","curl (>= 5.1.0), jsonlite, mime, openssl (>= 0.8), R6",NA,"covr, httpuv, jpeg, knitr, png, readr, rmarkdown, testthat
(>= 0.8.0), xml2",NA,"MIT + file LICENSE",NA,NA,NA,NA,"no","R 4.6.1; ; 2026-07-14 02:38:20 UTC; windows",NA
"httr2","httr2","D:/frda_cardio_analysis/scripts/R/renv/library/windows/R-4.6/x86_64-w64-mingw32","1.3.0",NA,"R (>= 4.1)","cli (>= 3.0.0), curl (>= 6.4.0), glue, lifecycle, magrittr,
openssl, R6, rlang (>= 1.3.0), vctrs (>= 0.6.3), withr",NA,"askpass, bench, clipr, covr, digest, docopt, httpuv, jose,
jsonlite, knitr, later (>= 1.4.0), nanonext, otel (>= 0.2.0),
otelsdk (>= 0.2.0), paws.common (>= 0.8.0), promises, rappdirs,
rmarkdown, testthat (>= 3.1.8), tibble, webfakes (>= 1.4.0),
xml2",NA,"MIT + file LICENSE",NA,NA,NA,NA,"no","R 4.6.1; ; 2026-07-16 02:35:35 UTC; windows",NA
"ids","ids","D:/frda_cardio_analysis/scripts/R/renv/library/windows/R-4.6/x86_64-w64-mingw32","1.0.1",NA,NA,"openssl, uuid",NA,"knitr, rcorpora, rmarkdown, testthat",NA,"MIT + file LICENSE",NA,NA,NA,NA,"no","R 4.6.1; ; 2026-07-18 02:57:22 UTC; windows",NA
"ini","ini","D:/frda_cardio_analysis/scripts/R/renv/library/windows/R-4.6/x86_64-w64-mingw32","0.3.1",NA,NA,NA,NA,"testthat",NA,"GPL-3",NA,NA,NA,NA,"no","R 4.6.1; ; 2026-07-16 01:01:39 UTC; windows",NA
"IRanges","IRanges","D:/frda_cardio_analysis/scripts/R/renv/library/windows/R-4.6/x86_64-w64-mingw32","2.46.0",NA,"R (>= 4.0.0), methods, utils, stats, BiocGenerics (>= 0.53.2),
S4Vectors (>= 0.47.6)","stats4","S4Vectors","XVector, GenomicRanges, Rsamtools, GenomicAlignments,
GenomicFeatures, BSgenome.Celegans.UCSC.ce2, pasillaBamSubset,
RUnit, BiocStyle",NA,"Artistic-2.0",NA,NA,NA,NA,"yes","R 4.6.0; x86_64-w64-mingw32; 2026-04-29 11:31:00 UTC; windows",NA
"isoband","isoband","D:/frda_cardio_analysis/scripts/R/renv/library/windows/R-4.6/x86_64-w64-mingw32","0.3.0",NA,NA,"cli, grid, rlang, utils","cpp11","covr, ggplot2, knitr, magick, bench, rmarkdown, sf, testthat
(>= 3.0.0), xml2",NA,"MIT + file LICENSE",NA,NA,NA,NA,"yes","R 4.6.1; x86_64-w64-mingw32; 2026-07-14 01:58:21 UTC; windows",NA
"iterators","iterators","D:/frda_cardio_analysis/scripts/R/renv/library/windows/R-4.6/x86_64-w64-mingw32","1.0.14",NA,"R (>= 2.5.0), utils",NA,NA,"RUnit, foreach",NA,"Apache License (== 2.0)",NA,NA,NA,NA,"no","R 4.6.1; ; 2026-07-14 01:01:36 UTC; windows",NA
"jquerylib","jquerylib","D:/frda_cardio_analysis/scripts/R/renv/library/windows/R-4.6/x86_64-w64-mingw32","0.1.4",NA,NA,"htmltools",NA,"testthat",NA,"MIT + file LICENSE",NA,NA,NA,NA,"no","R 4.6.1; ; 2026-07-16 02:15:40 UTC; windows",NA
"jsonlite","jsonlite","D:/frda_cardio_analysis/scripts/R/renv/library/windows/R-4.6/x86_64-w64-mingw32","2.0.0",NA,"methods",NA,NA,"httr, vctrs, testthat, knitr, rmarkdown, R.rsp, sf",NA,"MIT + file LICENSE",NA,NA,NA,NA,"yes","R 4.6.1; x86_64-w64-mingw32; 2026-07-14 01:01:13 UTC; windows",NA
"KEGGREST","KEGGREST","D:/frda_cardio_analysis/scripts/R/renv/library/windows/R-4.6/x86_64-w64-mingw32","1.52.2",NA,"R (>= 3.5.0)","methods, httr, png, Biostrings",NA,"RUnit, BiocGenerics, BiocStyle, knitr, markdown",NA,"Artistic-2.0",NA,NA,NA,NA,"no","R 4.6.1; ; 2026-07-16 10:19:54 UTC; windows",NA
"knitr","knitr","D:/frda_cardio_analysis/scripts/R/renv/library/windows/R-4.6/x86_64-w64-mingw32","1.51",NA,"R (>= 3.6.0)","evaluate (>= 0.15), highr (>= 0.11), methods, tools, xfun (>=
0.52), yaml (>= 2.1.19)",NA,"bslib, DBI (>= 0.4-1), digest, formatR, gifski, gridSVG,
htmlwidgets (>= 0.7), jpeg, JuliaCall (>= 0.11.1), magick,
litedown, markdown (>= 1.3), otel, otelsdk, png, ragg,
reticulate (>= 1.4), rgl (>= 0.95.1201), rlang, rmarkdown,
sass, showtext, styler (>= 1.2.0), targets (>= 0.6.0), testit,
tibble, tikzDevice (>= 0.10), tinytex (>= 0.56), webshot,
rstudioapi, svglite",NA,"GPL",NA,NA,NA,NA,"no","R 4.6.1; ; 2026-07-16 02:15:50 UTC; windows",NA
"labeling","labeling","D:/frda_cardio_analysis/scripts/R/renv/library/windows/R-4.6/x86_64-w64-mingw32","0.4.3",NA,NA,"stats, graphics",NA,NA,NA,"MIT + file LICENSE | Unlimited",NA,NA,NA,NA,"no","R 4.6.0; ; 2026-04-21 00:40:53 UTC; windows",NA
"lambda.r","lambda.r","D:/frda_cardio_analysis/scripts/R/renv/library/windows/R-4.6/x86_64-w64-mingw32","1.2.4",NA,"R (>= 3.0.0)","formatR",NA,"testit",NA,"LGPL-3",NA,NA,NA,NA,"no","R 4.6.1; ; 2026-07-14 01:59:28 UTC; windows",NA
"later","later","D:/frda_cardio_analysis/scripts/R/renv/library/windows/R-4.6/x86_64-w64-mingw32","1.4.8",NA,"R (>= 3.5)","Rcpp (>= 1.0.10), rlang","Rcpp","knitr, nanonext, promises, rmarkdown, testthat (>= 3.0.0)",NA,"MIT + file LICENSE",NA,NA,NA,NA,"yes","R 4.6.1; x86_64-w64-mingw32; 2026-07-16 01:55:44 UTC; windows",NA
"lazyeval","lazyeval","D:/frda_cardio_analysis/scripts/R/renv/library/windows/R-4.6/x86_64-w64-mingw32","0.2.3",NA,"R (>= 3.1.0)","rlang",NA,"knitr, rmarkdown (>= 0.2.65), testthat, covr",NA,"GPL-3",NA,NA,NA,NA,"yes","R 4.6.1; x86_64-w64-mingw32; 2026-07-18 02:17:11 UTC; windows",NA
"lifecycle","lifecycle","D:/frda_cardio_analysis/scripts/R/renv/library/windows/R-4.6/x86_64-w64-mingw32","1.0.5",NA,"R (>= 3.6)","cli (>= 3.4.0), rlang (>= 1.1.0)",NA,"covr, knitr, lintr (>= 3.1.0), rmarkdown, testthat (>=
3.0.1), tibble, tidyverse, tools, vctrs, withr, xml2",NA,"MIT + file LICENSE",NA,NA,NA,NA,"no","R 4.6.1; ; 2026-07-14 01:58:21 UTC; windows",NA
"limma","limma","D:/frda_cardio_analysis/scripts/R/renv/library/windows/R-4.6/x86_64-w64-mingw32","3.68.4",NA,"R (>= 3.6.0)","grDevices, graphics, stats, utils, methods, statmod",NA,"BiasedUrn, ellipse, gplots, knitr, locfit, MASS, splines,
affy, AnnotationDbi, Biobase, BiocStyle, GO.db, illuminaio,
org.Hs.eg.db, vsn",NA,"GPL (>=2)",NA,NA,NA,NA,"yes","R 4.6.0; x86_64-w64-mingw32; 2026-05-31 11:38:03 UTC; windows",NA
"locfit","locfit","D:/frda_cardio_analysis/scripts/R/renv/library/windows/R-4.6/x86_64-w64-mingw32","1.5-9.12",NA,"R (>= 4.1.0)","lattice",NA,"interp, gam",NA,"GPL (>= 2)",NA,NA,NA,NA,"yes","R 4.6.1; x86_64-w64-mingw32; 2026-07-14 01:01:44 UTC; windows",NA
"lubridate","lubridate","D:/frda_cardio_analysis/scripts/R/renv/library/windows/R-4.6/x86_64-w64-mingw32","1.9.5",NA,"methods, R (>= 3.2)","generics, timechange (>= 0.4.0)",NA,"covr, knitr, rmarkdown, testthat (>= 2.1.0), vctrs (>= 0.6.5)","chron, data.table, timeDate, tis, zoo","MIT + file LICENSE",NA,NA,NA,NA,"yes","R 4.6.1; x86_64-w64-mingw32; 2026-07-18 02:36:08 UTC; windows",NA
"magrittr","magrittr","D:/frda_cardio_analysis/scripts/R/renv/library/windows/R-4.6/x86_64-w64-mingw32","2.0.5",NA,"R (>= 3.4.0)",NA,NA,"covr, knitr, rlang, rmarkdown, testthat",NA,"MIT + file LICENSE",NA,NA,NA,NA,"yes","R 4.6.1; x86_64-w64-mingw32; 2026-07-14 01:01:14 UTC; windows",NA
"MatrixGenerics","MatrixGenerics","D:/frda_cardio_analysis/scripts/R/renv/library/windows/R-4.6/x86_64-w64-mingw32","1.24.0",NA,"matrixStats (>= 1.4.1)","methods",NA,"Matrix, sparseMatrixStats, SparseArray, DelayedArray,
DelayedMatrixStats, SummarizedExperiment, testthat (>= 2.1.0)",NA,"Artistic-2.0",NA,NA,NA,NA,"no","R 4.6.0; ; 2026-04-29 11:26:40 UTC; windows",NA
"matrixStats","matrixStats","D:/frda_cardio_analysis/scripts/R/renv/library/windows/R-4.6/x86_64-w64-mingw32","1.5.0",NA,"R (>= 3.4.0)",NA,NA,"utils, base64enc, ggplot2, knitr, markdown, microbenchmark,
R.devices, R.rsp",NA,"Artistic-2.0",NA,NA,NA,NA,"yes","R 4.6.1; x86_64-w64-mingw32; 2026-07-14 01:01:17 UTC; windows",NA
"memoise","memoise","D:/frda_cardio_analysis/scripts/R/renv/library/windows/R-4.6/x86_64-w64-mingw32","2.0.1",NA,NA,"rlang (>= 0.4.10), cachem",NA,"digest, aws.s3, covr, googleAuthR, googleCloudStorageR, httr,
testthat",NA,"MIT + file LICENSE",NA,NA,NA,NA,"no","R 4.6.1; ; 2026-07-14 02:18:05 UTC; windows",NA
"mime","mime","D:/frda_cardio_analysis/scripts/R/renv/library/windows/R-4.6/x86_64-w64-mingw32","0.13",NA,NA,"tools",NA,NA,NA,"GPL",NA,NA,NA,NA,"yes","R 4.6.0; x86_64-w64-mingw32; 2026-04-21 00:40:54 UTC; windows",NA
"miniUI","miniUI","D:/frda_cardio_analysis/scripts/R/renv/library/windows/R-4.6/x86_64-w64-mingw32","0.1.2",NA,NA,"shiny (>= 0.13), htmltools (>= 0.3), utils",NA,NA,NA,"GPL-3",NA,NA,NA,NA,"no","R 4.6.1; ; 2026-07-16 03:17:41 UTC; windows",NA
"modelr","modelr","D:/frda_cardio_analysis/scripts/R/renv/library/windows/R-4.6/x86_64-w64-mingw32","0.1.11",NA,"R (>= 3.2)","broom, magrittr, purrr (>= 0.2.2), rlang (>= 1.0.6), tibble,
tidyr (>= 0.8.0), tidyselect, vctrs",NA,"compiler, covr, ggplot2, testthat (>= 3.0.0)",NA,"GPL-3",NA,NA,NA,NA,"no","R 4.6.1; ; 2026-07-18 04:42:51 UTC; windows",NA
"openssl","openssl","D:/frda_cardio_analysis/scripts/R/renv/library/windows/R-4.6/x86_64-w64-mingw32","2.4.2",NA,NA,"askpass",NA,"curl, testthat (>= 2.1.0), digest, knitr, rmarkdown,
jsonlite, jose, sodium",NA,"MIT + file LICENSE",NA,NA,NA,NA,"yes","R 4.6.1; x86_64-w64-mingw32; 2026-07-14 02:18:19 UTC; windows",NA
"openxlsx","openxlsx","D:/frda_cardio_analysis/scripts/R/renv/library/windows/R-4.6/x86_64-w64-mingw32","4.2.8.1",NA,"R (>= 3.3.0)","grDevices, methods, Rcpp, stats, stringi, utils, zip","Rcpp","curl, formula.tools, knitr, rmarkdown, testthat",NA,"MIT + file LICENSE",NA,NA,NA,NA,"yes","R 4.6.1; x86_64-w64-mingw32; 2026-07-18 02:17:18 UTC; windows",NA
"org.Hs.eg.db","org.Hs.eg.db","D:/frda_cardio_analysis/scripts/R/renv/library/windows/R-4.6/x86_64-w64-mingw32","3.23.1",NA,"R (>= 2.7.0), methods, AnnotationDbi (>= 1.73.0)",NA,NA,"DBI, annotate, RUnit",NA,"Artistic-2.0",NA,NA,NA,NA,"no","R 4.6.1; ; 2026-07-16 10:20:04 UTC; windows",NA
"otel","otel","D:/frda_cardio_analysis/scripts/R/renv/library/windows/R-4.6/x86_64-w64-mingw32","0.2.0",NA,"R (>= 3.6.0)",NA,NA,"callr, cli, glue, jsonlite, otelsdk, processx, shiny,
spelling, testthat (>= 3.0.0), utils, withr",NA,"MIT + file LICENSE",NA,NA,NA,NA,"no","R 4.6.1; ; 2026-07-16 00:58:59 UTC; windows",NA
"pak","pak","D:/frda_cardio_analysis/scripts/R/renv/library/windows/R-4.6/x86_64-w64-mingw32","0.11.0",NA,"R (>= 3.5)","tools, utils",NA,"callr (>= 3.7.0), cli (>= 3.2.0), covr, curl (>= 4.3.2), desc
(>= 1.4.1), filelock (>= 1.0.2), gitcreds, glue (>= 1.6.2),
jsonlite (>= 1.8.0), keyring (>= 1.4.0), pingr, pkgbuild (>=
1.4.2), pkgcache (>= 2.2.4), pkgdepends (>= 0.9.0), pkgload,
pkgsearch (>= 3.1.0), processx (>= 3.8.1), ps (>= 1.6.0),
rstudioapi, testthat (>= 3.2.0), webfakes, withr, yaml",NA,"GPL-3",NA,NA,NA,NA,"yes","R 4.6.1; x86_64-w64-mingw32; 2026-07-15 23:51:22 UTC; windows",NA
"pheatmap","pheatmap","D:/frda_cardio_analysis/scripts/R/renv/library/windows/R-4.6/x86_64-w64-mingw32","1.0.13",NA,"R (>= 2.0)","grid, RColorBrewer, scales, gtable, stats, grDevices, graphics",NA,NA,NA,"GPL-2",NA,NA,NA,NA,"no","R 4.6.1; ; 2026-07-14 02:18:48 UTC; windows",NA
"pillar","pillar","D:/frda_cardio_analysis/scripts/R/renv/library/windows/R-4.6/x86_64-w64-mingw32","1.11.1",NA,NA,"cli (>= 2.3.0), glue, lifecycle, rlang (>= 1.0.2), utf8 (>=
1.1.0), utils, vctrs (>= 0.5.0)",NA,"bit64, DBI, debugme, DiagrammeR, dplyr, formattable, ggplot2,
knitr, lubridate, nanotime, nycflights13, palmerpenguins,
rmarkdown, scales, stringi, survival, testthat (>= 3.1.1),
tibble, units (>= 0.7.2), vdiffr, withr",NA,"MIT + file LICENSE",NA,NA,NA,NA,"no","R 4.6.1; ; 2026-07-14 02:38:16 UTC; windows",NA
"pkgbuild","pkgbuild","D:/frda_cardio_analysis/scripts/R/renv/library/windows/R-4.6/x86_64-w64-mingw32","1.4.8",NA,"R (>= 3.5)","callr (>= 3.2.0), cli (>= 3.4.0), desc, processx, R6",NA,"covr, cpp11, knitr, Rcpp, rmarkdown, testthat (>= 3.2.0),
withr (>= 2.3.0)",NA,"MIT + file LICENSE",NA,NA,NA,NA,"no","R 4.6.1; ; 2026-07-16 02:16:05 UTC; windows",NA
"pkgconfig","pkgconfig","D:/frda_cardio_analysis/scripts/R/renv/library/windows/R-4.6/x86_64-w64-mingw32","2.0.3",NA,NA,"utils",NA,"covr, testthat, disposables (>= 1.0.3)",NA,"MIT + file LICENSE",NA,NA,NA,NA,"no","R 4.6.1; ; 2026-07-14 01:01:12 UTC; windows",NA
"pkgdown","pkgdown","D:/frda_cardio_analysis/scripts/R/renv/library/windows/R-4.6/x86_64-w64-mingw32","2.2.1",NA,"R (>= 4.1)","bslib (>= 0.5.1), callr (>= 3.7.3), cli (>= 3.6.1), desc (>=
1.4.0), downlit (>= 0.4.4), fontawesome, fs (>= 1.4.0), httr2
(>= 1.0.2), jsonlite, lifecycle, openssl, purrr (>= 1.0.0),
ragg (>= 1.4.0), rlang (>= 1.1.4), rmarkdown (>= 2.27), tibble,
whisker, withr (>= 2.4.3), xml2 (>= 1.3.1), yaml (>= 2.3.9)",NA,"covr, diffviewer, evaluate (>= 0.24.0), gert, gt, htmltools,
htmlwidgets, knitr (>= 1.50), magick, methods, nanonext (>=
1.8.0), pkgload (>= 1.0.2), quarto, rsconnect, rstudioapi,
rticles, sass, testthat (>= 3.1.3), tools",NA,"MIT + file LICENSE",NA,NA,NA,NA,"no","R 4.6.1; ; 2026-07-16 02:59:44 UTC; windows",NA
"pkgload","pkgload","D:/frda_cardio_analysis/scripts/R/renv/library/windows/R-4.6/x86_64-w64-mingw32","1.5.3",NA,"R (>= 3.4.0)","cli (>= 3.3.0), desc, fs, glue, lifecycle, methods, pkgbuild,
processx, rlang (>= 1.1.1), rprojroot, utils",NA,"bitops, jsonlite, mathjaxr, pak, Rcpp, remotes, rstudioapi,
testthat (>= 3.2.1.1), usethis, withr",NA,"MIT + file LICENSE",NA,NA,NA,NA,"no","R 4.6.1; ; 2026-07-16 02:16:16 UTC; windows",NA
"plotly","plotly","D:/frda_cardio_analysis/scripts/R/renv/library/windows/R-4.6/x86_64-w64-mingw32","4.12.0",NA,"R (>= 3.5.0), ggplot2 (>= 3.0.0)","tools, scales, httr (>= 1.3.0), jsonlite (>= 1.6), magrittr,
digest, viridisLite, base64enc, htmltools (>= 0.3.6),
htmlwidgets (>= 1.5.2.9001), tidyr (>= 1.0.0), RColorBrewer,
dplyr, vctrs, tibble, lazyeval (>= 0.2.0), rlang (>= 1.0.0),
crosstalk, purrr, data.table, promises",NA,"MASS, maps, hexbin, ggthemes, GGally, ggalluvial, testthat,
knitr, shiny (>= 1.1.0), shinytest2, curl, rmarkdown, Cairo,
broom, webshot, listviewer, dendextend, sf, png, IRdisplay,
processx, plotlyGeoAssets, forcats, withr, palmerpenguins,
rversions, reticulate, rsvg, ggridges",NA,"MIT + file LICENSE",NA,NA,NA,NA,"no","R 4.6.1; ; 2026-07-04 03:47:58 UTC; windows",NA
"png","png","D:/frda_cardio_analysis/scripts/R/renv/library/windows/R-4.6/x86_64-w64-mingw32","0.1-9",NA,"R (>= 2.9.0)",NA,NA,NA,NA,"GPL-2 | GPL-3",NA,NA,NA,NA,"yes","R 4.6.0; x86_64-w64-mingw32; 2026-04-21 00:42:12 UTC; windows",NA
"praise","praise","D:/frda_cardio_analysis/scripts/R/renv/library/windows/R-4.6/x86_64-w64-mingw32","1.0.0",NA,NA,NA,NA,"testthat",NA,"MIT + file LICENSE",NA,NA,NA,NA,"no","R 4.6.1; ; 2026-07-16 01:00:40 UTC; windows",NA
"prettyunits","prettyunits","D:/frda_cardio_analysis/scripts/R/renv/library/windows/R-4.6/x86_64-w64-mingw32","1.2.0",NA,"R(>= 2.10)",NA,NA,"codetools, covr, testthat",NA,"MIT + file LICENSE",NA,NA,NA,NA,"no","R 4.6.1; ; 2026-07-14 01:01:15 UTC; windows",NA
"processx","processx","D:/frda_cardio_analysis/scripts/R/renv/library/windows/R-4.6/x86_64-w64-mingw32","3.9.0",NA,"R (>= 3.4.0)","ps (>= 1.9.3), R6, utils",NA,"callr (>= 3.7.3), cli (>= 3.3.0), codetools, covr, curl,
debugme, parallel, rlang (>= 1.0.2), testthat (>= 3.0.0),
webfakes, withr",NA,"MIT + file LICENSE",NA,NA,NA,NA,"yes","R 4.6.1; x86_64-w64-mingw32; 2026-07-16 01:55:55 UTC; windows",NA
"profvis","profvis","D:/frda_cardio_analysis/scripts/R/renv/library/windows/R-4.6/x86_64-w64-mingw32","0.4.0",NA,"R (>= 4.0)","htmlwidgets (>= 0.3.2), rlang (>= 1.1.0), vctrs",NA,"htmltools, knitr, rmarkdown, shiny, testthat (>= 3.0.0)",NA,"MIT + file LICENSE",NA,NA,NA,NA,"yes","R 4.6.1; x86_64-w64-mingw32; 2026-07-16 03:17:52 UTC; windows",NA
"progress","progress","D:/frda_cardio_analysis/scripts/R/renv/library/windows/R-4.6/x86_64-w64-mingw32","1.2.3",NA,"R (>= 3.6)","crayon, hms, prettyunits, R6",NA,"Rcpp, testthat (>= 3.0.0), withr",NA,"MIT + file LICENSE",NA,NA,NA,NA,"no","R 4.6.1; ; 2026-07-14 03:00:01 UTC; windows",NA
"promises","promises","D:/frda_cardio_analysis/scripts/R/renv/library/windows/R-4.6/x86_64-w64-mingw32","1.5.0",NA,"R (>= 4.1.0)","fastmap (>= 1.1.0), later, lifecycle, magrittr (>= 1.5), otel
(>= 0.2.0), R6, rlang",NA,"future (>= 1.21.0), knitr, mirai, otelsdk (>= 0.2.0), purrr,
Rcpp, rmarkdown, spelling, testthat (>= 3.0.0), vembedr",NA,"MIT + file LICENSE",NA,NA,NA,NA,"no","R 4.6.1; ; 2026-07-16 02:15:43 UTC; windows",NA
"ps","ps","D:/frda_cardio_analysis/scripts/R/renv/library/windows/R-4.6/x86_64-w64-mingw32","1.9.3",NA,"R (>= 3.4)","utils",NA,"callr, covr, curl, pillar, pingr, processx (>= 3.1.0), R6,
rlang, testthat (>= 3.0.0), webfakes, withr",NA,"MIT + file LICENSE",NA,NA,NA,NA,"yes","R 4.6.1; x86_64-w64-mingw32; 2026-07-16 00:59:41 UTC; windows",NA
"purrr","purrr","D:/frda_cardio_analysis/scripts/R/renv/library/windows/R-4.6/x86_64-w64-mingw32","1.2.2",NA,"R (>= 4.1)","cli (>= 3.6.1), lifecycle (>= 1.0.3), magrittr (>= 1.5.0),
rlang (>= 1.1.1), vctrs (>= 0.6.3)","cli","carrier (>= 0.3.0), covr, dplyr (>= 0.7.8), httr, knitr,
lubridate, mirai (>= 2.5.1), rmarkdown, testthat (>= 3.0.0),
tibble, tidyselect",NA,"MIT + file LICENSE",NA,NA,NA,NA,"yes","R 4.6.1; x86_64-w64-mingw32; 2026-07-14 02:38:16 UTC; windows",NA
"R6","R6","D:/frda_cardio_analysis/scripts/R/renv/library/windows/R-4.6/x86_64-w64-mingw32","2.6.1",NA,"R (>= 3.6)",NA,NA,"lobstr, testthat (>= 3.0.0)",NA,"MIT + file LICENSE",NA,NA,NA,NA,"no","R 4.6.1; ; 2026-07-14 01:01:14 UTC; windows",NA
"ragg","ragg","D:/frda_cardio_analysis/scripts/R/renv/library/windows/R-4.6/x86_64-w64-mingw32","1.5.2",NA,NA,"systemfonts (>= 1.0.3), textshaping (>= 0.3.0)","systemfonts, textshaping","covr, graphics, grid, testthat (>= 3.0.0)",NA,"MIT + file LICENSE",NA,NA,NA,NA,"yes","R 4.6.1; x86_64-w64-mingw32; 2026-07-16 02:35:06 UTC; windows",NA
"rappdirs","rappdirs","D:/frda_cardio_analysis/scripts/R/renv/library/windows/R-4.6/x86_64-w64-mingw32","0.3.4",NA,"R (>= 4.1)",NA,NA,"covr, roxygen2, testthat (>= 3.2.0), withr",NA,"MIT + file LICENSE",NA,NA,NA,NA,"yes","R 4.6.1; x86_64-w64-mingw32; 2026-07-16 00:58:58 UTC; windows",NA
"rcmdcheck","rcmdcheck","D:/frda_cardio_analysis/scripts/R/renv/library/windows/R-4.6/x86_64-w64-mingw32","1.4.0",NA,NA,"callr (>= 3.1.1.9000), cli (>= 3.0.0), curl, desc (>= 1.2.0),
digest, pkgbuild, prettyunits, R6, rprojroot, sessioninfo (>=
1.1.1), utils, withr, xopen",NA,"covr, knitr, mockery, processx, ps, rmarkdown, svglite,
testthat, webfakes",NA,"MIT + file LICENSE",NA,NA,NA,NA,"no","R 4.6.1; ; 2026-07-16 02:36:32 UTC; windows",NA
"RColorBrewer","RColorBrewer","D:/frda_cardio_analysis/scripts/R/renv/library/windows/R-4.6/x86_64-w64-mingw32","1.1-3",NA,"R (>= 2.0.0)",NA,NA,NA,NA,"Apache License 2.0",NA,NA,NA,NA,"no","R 4.6.0; ; 2026-04-21 00:40:53 UTC; windows",NA
"Rcpp","Rcpp","D:/frda_cardio_analysis/scripts/R/renv/library/windows/R-4.6/x86_64-w64-mingw32","1.1.2",NA,"R (>= 3.5.0)","methods, utils",NA,"tinytest, inline, rbenchmark, pkgKitten (>= 0.1.2)",NA,"GPL (>= 2)",NA,NA,NA,NA,"yes","R 4.6.1; x86_64-w64-mingw32; 2026-07-14 01:01:16 UTC; windows",NA
"RcppArmadillo","RcppArmadillo","D:/frda_cardio_analysis/scripts/R/renv/library/windows/R-4.6/x86_64-w64-mingw32","15.4.0-1",NA,"R (>= 3.3.0)","Rcpp (>= 1.1.1), stats, utils, methods","Rcpp","tinytest, Matrix (>= 1.3.0), pkgKitten, reticulate, slam",NA,"GPL (>= 2)",NA,NA,NA,NA,"yes","R 4.6.1; x86_64-w64-mingw32; 2026-07-14 01:58:25 UTC; windows",NA
"readr","readr","D:/frda_cardio_analysis/scripts/R/renv/library/windows/R-4.6/x86_64-w64-mingw32","2.2.0",NA,"R (>= 4.1)","cli, clipr, crayon, glue, hms (>= 0.4.1), lifecycle, methods,
R6, rlang, tibble, utils, vroom (>= 1.7.0), withr","cpp11, tzdb (>= 0.1.1)","covr, curl, datasets, knitr, rmarkdown, spelling, stringi,
testthat (>= 3.2.0), tzdb (>= 0.1.1), waldo, xml2",NA,"MIT + file LICENSE",NA,NA,NA,NA,"yes","R 4.6.1; x86_64-w64-mingw32; 2026-07-18 03:56:59 UTC; windows",NA
"readxl","readxl","D:/frda_cardio_analysis/scripts/R/renv/library/windows/R-4.6/x86_64-w64-mingw32","1.5.0",NA,"R (>= 4.1)","cellranger, tibble (>= 2.0.1), utils","cpp11 (>= 0.5.5), progress","covr, knitr, rmarkdown, testthat (>= 3.1.6), withr",NA,"MIT + file LICENSE",NA,NA,NA,NA,"yes","R 4.6.1; x86_64-w64-mingw32; 2026-07-14 03:22:09 UTC; windows",NA
"rematch","rematch","D:/frda_cardio_analysis/scripts/R/renv/library/windows/R-4.6/x86_64-w64-mingw32","2.0.0",NA,NA,NA,NA,"covr, testthat",NA,"MIT + file LICENSE",NA,NA,NA,NA,"no","R 4.6.1; ; 2026-07-14 01:01:44 UTC; windows",NA
"rematch2","rematch2","D:/frda_cardio_analysis/scripts/R/renv/library/windows/R-4.6/x86_64-w64-mingw32","2.1.2",NA,NA,"tibble",NA,"covr, testthat",NA,"MIT + file LICENSE",NA,NA,NA,NA,"no","R 4.6.1; ; 2026-07-18 03:33:30 UTC; windows",NA
"renv","renv","D:/frda_cardio_analysis/scripts/R/renv/library/windows/R-4.6/x86_64-w64-mingw32","1.2.3",NA,NA,"utils",NA,"BiocManager, cli, compiler, covr, cpp11, curl, devtools,
generics, gitcreds, jsonlite, jsonvalidate, knitr, miniUI,
modules, packrat, pak, R6, remotes, reticulate, rmarkdown,
rstudioapi, shiny, testthat, uuid, waldo, yaml, webfakes",NA,"MIT + file LICENSE",NA,NA,NA,NA,"no","R 4.6.1; ; 2026-07-07 01:10:29 UTC; windows",NA
"reprex","reprex","D:/frda_cardio_analysis/scripts/R/renv/library/windows/R-4.6/x86_64-w64-mingw32","2.1.1",NA,"R (>= 3.6)","callr (>= 3.6.0), cli (>= 3.2.0), clipr (>= 0.4.0), fs, glue,
knitr (>= 1.23), lifecycle, rlang (>= 1.0.0), rmarkdown,
rstudioapi, utils, withr (>= 2.3.0)",NA,"covr, fortunes, miniUI, rprojroot, sessioninfo, shiny,
spelling, styler (>= 1.2.0), testthat (>= 3.2.1)",NA,"MIT + file LICENSE",NA,NA,NA,NA,"no","R 4.6.1; ; 2026-07-18 03:33:30 UTC; windows",NA
"rjson","rjson","D:/frda_cardio_analysis/scripts/R/renv/library/windows/R-4.6/x86_64-w64-mingw32","0.2.23",NA,"R (>= 4.0.0)",NA,NA,NA,NA,"GPL-2",NA,NA,NA,NA,"yes","R 4.6.0; x86_64-w64-mingw32; 2026-04-21 00:44:27 UTC; windows",NA
"rlang","rlang","D:/frda_cardio_analysis/scripts/R/renv/library/windows/R-4.6/x86_64-w64-mingw32","1.3.0",NA,"R (>= 4.0.0)","utils",NA,"cli (>= 3.1.0), covr, crayon, desc, fs, glue, knitr,
magrittr, methods, pillar, pkgload, rmarkdown, stats, testthat
(>= 3.3.2), tibble, usethis, vctrs (>= 0.2.3), withr","winch","MIT + file LICENSE",NA,NA,NA,NA,"yes","R 4.6.1; x86_64-w64-mingw32; 2026-07-14 01:01:13 UTC; windows",NA
"rmarkdown","rmarkdown","D:/frda_cardio_analysis/scripts/R/renv/library/windows/R-4.6/x86_64-w64-mingw32","2.31",NA,"R (>= 3.0)","bslib (>= 0.2.5.1), evaluate (>= 0.13), fontawesome (>=
0.5.0), htmltools (>= 0.5.1), jquerylib, jsonlite, knitr (>=
1.43), methods, tinytex (>= 0.31), tools, utils, xfun (>=
0.36), yaml (>= 2.1.19)",NA,"digest, dygraphs, fs, rsconnect, downlit (>= 0.4.0), katex
(>= 1.4.0), sass (>= 0.4.0), shiny (>= 1.6.0), testthat (>=
3.0.3), tibble, vctrs, cleanrmd, withr (>= 2.4.2), xml2",NA,"GPL-3",NA,NA,NA,NA,"no","R 4.6.1; ; 2026-07-16 02:59:22 UTC; windows",NA
"roxygen2","roxygen2","D:/frda_cardio_analysis/scripts/R/renv/library/windows/R-4.6/x86_64-w64-mingw32","8.0.0",NA,"R (>= 4.1)","brew, cli (>= 3.3.0), commonmark, desc (>= 1.2.0), knitr,
lifecycle, methods, pkgload (>= 1.5.2), R6 (>= 2.1.2), rlang
(>= 1.1.0), utils, withr, xml2","cpp11","covr, R.methodsS3, S7, R.oo, rmarkdown (>= 2.16), testthat
(>= 3.1.2), yaml",NA,"MIT + file LICENSE",NA,NA,NA,NA,"yes","R 4.6.1; x86_64-w64-mingw32; 2026-07-16 02:17:57 UTC; windows",NA
"rprojroot","rprojroot","D:/frda_cardio_analysis/scripts/R/renv/library/windows/R-4.6/x86_64-w64-mingw32","2.1.1",NA,"R (>= 3.0.0)",NA,NA,"covr, knitr, lifecycle, rlang, rmarkdown, testthat (>=
3.2.0), withr",NA,"MIT + file LICENSE",NA,NA,NA,NA,"no","R 4.6.1; ; 2026-07-16 01:00:40 UTC; windows",NA
"RSQLite","RSQLite","D:/frda_cardio_analysis/scripts/R/renv/library/windows/R-4.6/x86_64-w64-mingw32","3.53.3",NA,"R (>= 3.1.0)","bit64, blob (>= 1.2.0), DBI (>= 1.2.0), memoise, methods,
pkgconfig, rlang","cpp11 (>= 0.4.0)","callr, cli, DBItest (>= 1.8.0), decor, gert, gh, hms, httpuv,
knitr, magrittr, rmarkdown, rvest, testthat (>= 3.0.0), withr,
xml2",NA,"LGPL (>= 2.1)",NA,NA,NA,NA,"yes","R 4.6.1; x86_64-w64-mingw32; 2026-07-14 02:38:54 UTC; windows",NA
"rstudioapi","rstudioapi","D:/frda_cardio_analysis/scripts/R/renv/library/windows/R-4.6/x86_64-w64-mingw32","0.19.0",NA,NA,NA,NA,"testthat, knitr, rmarkdown, clipr, covr, curl, jsonlite, R6,
withr",NA,"MIT + file LICENSE",NA,NA,NA,NA,"no","R 4.6.1; ; 2026-07-16 00:59:27 UTC; windows",NA
"rversions","rversions","D:/frda_cardio_analysis/scripts/R/renv/library/windows/R-4.6/x86_64-w64-mingw32","3.0.0",NA,NA,"curl",NA,"pillar, testthat (>= 3.0.0), webfakes, withr",NA,"MIT + file LICENSE",NA,NA,NA,NA,"no","R 4.6.1; ; 2026-07-16 01:02:31 UTC; windows",NA
"rvest","rvest","D:/frda_cardio_analysis/scripts/R/renv/library/windows/R-4.6/x86_64-w64-mingw32","1.0.5",NA,"R (>= 4.1)","cli, glue, httr (>= 0.5), lifecycle (>= 1.0.3), magrittr,
rlang (>= 1.1.0), selectr, tibble, xml2 (>= 1.4.0)",NA,"chromote, covr, knitr, purrr, R6, readr, repurrrsive,
rmarkdown, spelling, stringi (>= 0.3.1), testthat (>= 3.0.2),
tidyr, webfakes",NA,"MIT + file LICENSE",NA,NA,NA,NA,"no","R 4.6.1; ; 2026-07-18 03:33:30 UTC; windows",NA
"S4Arrays","S4Arrays","D:/frda_cardio_analysis/scripts/R/renv/library/windows/R-4.6/x86_64-w64-mingw32","1.12.0",NA,"R (>= 4.3.0), methods, Matrix, abind, BiocGenerics (>=
0.45.2), S4Vectors (>= 0.47.6), IRanges","stats","S4Vectors","BiocParallel, SparseArray (>= 0.0.4), DelayedArray,
HDF5Array, testthat, knitr, rmarkdown, BiocStyle",NA,"Artistic-2.0",NA,NA,NA,NA,"yes","R 4.6.0; x86_64-w64-mingw32; 2026-04-29 11:28:31 UTC; windows",NA
"S4Vectors","S4Vectors","D:/frda_cardio_analysis/scripts/R/renv/library/windows/R-4.6/x86_64-w64-mingw32","0.50.1",NA,"R (>= 4.1.0), methods, utils, stats, stats4, BiocGenerics (>=
0.53.2)",NA,NA,"IRanges, GenomicRanges, SummarizedExperiment, Matrix,
DelayedArray, ShortRead, graph, data.table, RUnit, BiocStyle,
knitr",NA,"Artistic-2.0",NA,NA,NA,NA,"yes","R 4.6.0; x86_64-w64-mingw32; 2026-05-13 06:31:43 UTC; windows",NA
"S7","S7","D:/frda_cardio_analysis/scripts/R/renv/library/windows/R-4.6/x86_64-w64-mingw32","0.2.2",NA,"R (>= 3.5.0)","utils",NA,"bench, callr, covr, knitr, methods, rmarkdown, testthat (>=
3.2.0), tibble",NA,"MIT + file LICENSE",NA,NA,NA,NA,"yes","R 4.6.1; x86_64-w64-mingw32; 2026-07-14 01:01:13 UTC; windows",NA
"sass","sass","D:/frda_cardio_analysis/scripts/R/renv/library/windows/R-4.6/x86_64-w64-mingw32","0.4.10",NA,NA,"fs (>= 1.2.4), rlang (>= 0.4.10), htmltools (>= 0.5.1), R6,
rappdirs",NA,"testthat, knitr, rmarkdown, withr, shiny, curl",NA,"MIT + file LICENSE",NA,NA,NA,NA,"yes","R 4.6.1; x86_64-w64-mingw32; 2026-07-16 02:15:42 UTC; windows",NA
"scales","scales","D:/frda_cardio_analysis/scripts/R/renv/library/windows/R-4.6/x86_64-w64-mingw32","1.4.0",NA,"R (>= 4.1)","cli, farver (>= 2.0.3), glue, labeling, lifecycle, R6,
RColorBrewer, rlang (>= 1.1.0), viridisLite",NA,"bit64, covr, dichromat, ggplot2, hms (>= 0.5.0), stringi,
testthat (>= 3.0.0)",NA,"MIT + file LICENSE",NA,NA,NA,NA,"no","R 4.6.1; ; 2026-07-14 02:18:04 UTC; windows",NA
"selectr","selectr","D:/frda_cardio_analysis/scripts/R/renv/library/windows/R-4.6/x86_64-w64-mingw32","0.6-0",NA,"R (>= 3.3)","R6",NA,"testthat, XML, xml2",NA,"BSD_3_clause + file LICENCE",NA,NA,NA,NA,"no","R 4.6.1; ; 2026-07-18 01:20:59 UTC; windows",NA
"Seqinfo","Seqinfo","D:/frda_cardio_analysis/scripts/R/renv/library/windows/R-4.6/x86_64-w64-mingw32","1.2.0",NA,"methods, BiocGenerics","stats, S4Vectors (>= 0.47.6), IRanges",NA,"GenomeInfoDb, GenomicRanges, BSgenome, GenomicFeatures,
TxDb.Hsapiens.UCSC.hg38.knownGene,
TxDb.Dmelanogaster.UCSC.dm3.ensGene,
BSgenome.Hsapiens.UCSC.hg38, BSgenome.Celegans.UCSC.ce2, RUnit,
knitr, rmarkdown, BiocStyle",NA,"Artistic-2.0",NA,NA,NA,NA,"no","R 4.6.0; ; 2026-05-04 08:56:19 UTC; windows",NA
"sessioninfo","sessioninfo","D:/frda_cardio_analysis/scripts/R/renv/library/windows/R-4.6/x86_64-w64-mingw32","1.2.4",NA,"R (>= 3.4)","cli (>= 3.1.0), tools, utils",NA,"callr, covr, gh, reticulate, rmarkdown, testthat (>= 3.2.0),
withr",NA,"GPL-2",NA,NA,NA,NA,"no","R 4.6.1; ; 2026-07-16 01:02:28 UTC; windows",NA
"shape","shape","D:/frda_cardio_analysis/scripts/R/renv/library/windows/R-4.6/x86_64-w64-mingw32","1.4.6.1",NA,"R (>= 2.01)","stats, graphics, grDevices",NA,NA,NA,"GPL (>= 3)",NA,NA,NA,NA,"no","R 4.6.0; ; 2026-04-21 00:41:08 UTC; windows",NA
"shiny","shiny","D:/frda_cardio_analysis/scripts/R/renv/library/windows/R-4.6/x86_64-w64-mingw32","1.14.0",NA,"methods, R (>= 3.1.2)","bslib (>= 0.6.0), cachem (>= 1.1.0), cli, commonmark (>=
2.0.0), fastmap (>= 1.1.1), fontawesome (>= 0.4.0), glue (>=
1.3.2), grDevices, htmltools (>= 0.5.4), httpuv (>= 1.5.2),
jsonlite (>= 0.9.16), later (>= 1.0.0), lifecycle (>= 0.2.0),
mime (>= 0.3), otel, promises (>= 1.5.0), R6 (>= 2.0), rlang
(>= 0.4.10), sourcetools, tools, utils, withr, xtable",NA,"Cairo (>= 1.5-5), coro (>= 1.1.0), datasets, DT, dygraphs,
future, ggplot2, knitr (>= 1.6), magrittr, markdown, mirai,
otelsdk (>= 0.2.0), ragg, reactlog (>= 1.0.0), rmarkdown, sass,
shinytest2, showtext, testthat (>= 3.2.1), watcher, yaml",NA,"MIT + file LICENSE",NA,NA,NA,NA,"no","R 4.6.1; ; 2026-07-16 02:59:19 UTC; windows",NA
"snow","snow","D:/frda_cardio_analysis/scripts/R/renv/library/windows/R-4.6/x86_64-w64-mingw32","0.4-4",NA,"R (>= 2.13.1), utils",NA,NA,"rlecuyer","Rmpi","GPL",NA,NA,NA,NA,"no","R 4.6.0; ; 2026-04-21 00:41:25 UTC; windows",NA
"sourcetools","sourcetools","D:/frda_cardio_analysis/scripts/R/renv/library/windows/R-4.6/x86_64-w64-mingw32","0.1.7-2",NA,"R (>= 3.0.2)",NA,NA,"testthat",NA,"MIT + file LICENSE",NA,NA,NA,NA,"yes","R 4.6.1; x86_64-w64-mingw32; 2026-07-16 00:58:59 UTC; windows",NA
"SparseArray","SparseArray","D:/frda_cardio_analysis/scripts/R/renv/library/windows/R-4.6/x86_64-w64-mingw32","1.12.2",NA,"R (>= 4.3.0), methods, Matrix, BiocGenerics (>= 0.43.1),
MatrixGenerics (>= 1.11.1), S4Vectors (>= 0.43.2), S4Arrays (>=
1.11.1)","utils, stats, matrixStats, IRanges, XVector","S4Vectors, IRanges, XVector","HDF5Array, ExperimentHub, testthat, knitr, rmarkdown,
BiocStyle",NA,"Artistic-2.0",NA,NA,NA,NA,"yes","R 4.6.0; x86_64-w64-mingw32; 2026-05-01 20:55:46 UTC; windows",NA
"statmod","statmod","D:/frda_cardio_analysis/scripts/R/renv/library/windows/R-4.6/x86_64-w64-mingw32","1.5.2",NA,"R (>= 3.0.0)","stats, graphics",NA,"MASS, tweedie",NA,"GPL-2 | GPL-3",NA,NA,NA,NA,"yes","R 4.6.1; x86_64-w64-mingw32; 2026-07-16 00:59:28 UTC; windows",NA
"stringi","stringi","D:/frda_cardio_analysis/scripts/R/renv/library/windows/R-4.6/x86_64-w64-mingw32","1.8.7",NA,"R (>= 3.4)","tools, utils, stats",NA,NA,NA,"file LICENSE","yes",NA,NA,NA,"yes","R 4.6.0; x86_64-w64-mingw32; 2026-04-21 00:41:07 UTC; windows",NA
"stringr","stringr","D:/frda_cardio_analysis/scripts/R/renv/library/windows/R-4.6/x86_64-w64-mingw32","1.6.0",NA,"R (>= 4.1.0)","cli, glue (>= 1.6.1), lifecycle (>= 1.0.3), magrittr, rlang
(>= 1.0.0), stringi (>= 1.5.3), vctrs (>= 0.4.0)",NA,"covr, dplyr, gt, htmltools, htmlwidgets, knitr, rmarkdown,
testthat (>= 3.0.0), tibble",NA,"MIT + file LICENSE",NA,NA,NA,NA,"no","R 4.6.1; ; 2026-07-14 02:38:17 UTC; windows",NA
"SummarizedExperiment","SummarizedExperiment","D:/frda_cardio_analysis/scripts/R/renv/library/windows/R-4.6/x86_64-w64-mingw32","1.42.0",NA,"R (>= 4.0.0), methods, MatrixGenerics (>= 1.1.3),
GenomicRanges (>= 1.61.4), Biobase","utils, stats, tools, Matrix, BiocGenerics (>= 0.51.3),
S4Vectors (>= 0.33.7), IRanges (>= 2.23.9), Seqinfo, S4Arrays
(>= 1.1.1), DelayedArray (>= 0.31.12)",NA,"GenomeInfoDb (>= 1.45.5), rhdf5, HDF5Array (>= 1.7.5),
annotate, AnnotationDbi, GenomicFeatures, SparseArray,
SingleCellExperiment, TxDb.Hsapiens.UCSC.hg19.knownGene,
hgu95av2.db, airway (>= 1.15.1), BiocStyle, knitr, rmarkdown,
RUnit, testthat, digest",NA,"Artistic-2.0",NA,NA,NA,NA,"no","R 4.6.0; ; 2026-04-29 11:30:24 UTC; windows",NA
"sys","sys","D:/frda_cardio_analysis/scripts/R/renv/library/windows/R-4.6/x86_64-w64-mingw32","3.4.3",NA,NA,NA,NA,"unix (>= 1.4), spelling, testthat",NA,"MIT + file LICENSE",NA,NA,NA,NA,"yes","R 4.6.1; x86_64-w64-mingw32; 2026-07-14 01:01:15 UTC; windows",NA
"systemfonts","systemfonts","D:/frda_cardio_analysis/scripts/R/renv/library/windows/R-4.6/x86_64-w64-mingw32","1.3.2",NA,"R (>= 3.2.0)","base64enc, grid, jsonlite, lifecycle, tools, utils","cpp11 (>= 0.2.1)","covr, farver, ggplot2, graphics, knitr, ragg, rmarkdown,
svglite, testthat (>= 2.1.0)",NA,"MIT + file LICENSE",NA,NA,NA,NA,"yes","R 4.6.1; x86_64-w64-mingw32; 2026-07-16 01:55:55 UTC; windows",NA
"testthat","testthat","D:/frda_cardio_analysis/scripts/R/renv/library/windows/R-4.6/x86_64-w64-mingw32","3.3.2",NA,"R (>= 4.1.0)","brio (>= 1.1.5), callr (>= 3.7.6), cli (>= 3.6.5), desc (>=
1.4.3), evaluate (>= 1.0.4), jsonlite (>= 2.0.0), lifecycle (>=
1.0.4), magrittr (>= 2.0.3), methods, pkgload (>= 1.4.0),
praise (>= 1.0.0), processx (>= 3.8.6), ps (>= 1.9.1), R6 (>=
2.6.1), rlang (>= 1.1.6), utils, waldo (>= 0.6.2), withr (>=
3.0.2)",NA,"covr, curl (>= 0.9.5), diffviewer (>= 0.1.0), digest (>=
0.6.33), gh, knitr, otel, otelsdk, rmarkdown, rstudioapi, S7,
shiny, usethis, vctrs (>= 0.1.0), xml2",NA,"MIT + file LICENSE",NA,NA,NA,NA,"yes","R 4.6.1; x86_64-w64-mingw32; 2026-07-16 02:35:26 UTC; windows",NA
"textshaping","textshaping","D:/frda_cardio_analysis/scripts/R/renv/library/windows/R-4.6/x86_64-w64-mingw32","1.0.5",NA,"R (>= 3.2.0)","lifecycle, stats, stringi, systemfonts (>= 1.3.0), utils","cpp11 (>= 0.2.1), systemfonts (>= 1.0.0)","covr, grDevices, grid, knitr, rmarkdown, testthat (>= 3.0.0)",NA,"MIT + file LICENSE",NA,NA,NA,NA,"yes","R 4.6.1; x86_64-w64-mingw32; 2026-07-16 02:15:53 UTC; windows",NA
"tibble","tibble","D:/frda_cardio_analysis/scripts/R/renv/library/windows/R-4.6/x86_64-w64-mingw32","3.3.1",NA,"R (>= 3.4.0)","cli, lifecycle (>= 1.0.0), magrittr, methods, pillar (>=
1.8.1), pkgconfig, rlang (>= 1.0.2), utils, vctrs (>= 0.5.0)",NA,"bench, bit64, blob, brio, callr, DiagrammeR, dplyr, evaluate,
formattable, ggplot2, here, hms, htmltools, knitr, lubridate,
nycflights13, pkgload, purrr, rmarkdown, stringi, testthat (>=
3.0.2), tidyr, withr",NA,"MIT + file LICENSE",NA,NA,NA,NA,"yes","R 4.6.1; x86_64-w64-mingw32; 2026-07-07 03:09:10 UTC; windows",NA
"tidyr","tidyr","D:/frda_cardio_analysis/scripts/R/renv/library/windows/R-4.6/x86_64-w64-mingw32","1.3.2",NA,"R (>= 4.1.0)","cli (>= 3.4.1), dplyr (>= 1.1.0), glue, lifecycle (>= 1.0.3),
magrittr, purrr (>= 1.0.1), rlang (>= 1.1.1), stringr (>=
1.5.0), tibble (>= 2.1.1), tidyselect (>= 1.2.1), utils, vctrs
(>= 0.5.2)","cpp11 (>= 0.4.0)","covr, data.table, knitr, readr, repurrrsive (>= 1.1.0),
rmarkdown, testthat (>= 3.0.0)",NA,"MIT + file LICENSE",NA,NA,NA,NA,"yes","R 4.6.1; x86_64-w64-mingw32; 2026-07-14 03:41:22 UTC; windows",NA
"tidyselect","tidyselect","D:/frda_cardio_analysis/scripts/R/renv/library/windows/R-4.6/x86_64-w64-mingw32","1.2.1",NA,"R (>= 3.4)","cli (>= 3.3.0), glue (>= 1.3.0), lifecycle (>= 1.0.3), rlang
(>= 1.0.4), vctrs (>= 0.5.2), withr",NA,"covr, crayon, dplyr, knitr, magrittr, rmarkdown, stringr,
testthat (>= 3.1.1), tibble (>= 2.1.3)",NA,"MIT + file LICENSE",NA,NA,NA,NA,"yes","R 4.6.1; ; 2026-07-14 02:38:15 UTC; windows",NA
"tidyverse","tidyverse","D:/frda_cardio_analysis/scripts/R/renv/library/windows/R-4.6/x86_64-w64-mingw32","2.0.0",NA,"R (>= 3.3)","broom (>= 1.0.3), conflicted (>= 1.2.0), cli (>= 3.6.0),
dbplyr (>= 2.3.0), dplyr (>= 1.1.0), dtplyr (>= 1.2.2), forcats
(>= 1.0.0), ggplot2 (>= 3.4.1), googledrive (>= 2.0.0),
googlesheets4 (>= 1.0.1), haven (>= 2.5.1), hms (>= 1.1.2),
httr (>= 1.4.4), jsonlite (>= 1.8.4), lubridate (>= 1.9.2),
magrittr (>= 2.0.3), modelr (>= 0.1.10), pillar (>= 1.8.1),
purrr (>= 1.0.1), ragg (>= 1.2.5), readr (>= 2.1.4), readxl (>=
1.4.2), reprex (>= 2.0.2), rlang (>= 1.0.6), rstudioapi (>=
0.14), rvest (>= 1.0.3), stringr (>= 1.5.0), tibble (>= 3.1.8),
tidyr (>= 1.3.0), xml2 (>= 1.3.3)",NA,"covr (>= 3.6.1), feather (>= 0.3.5), glue (>= 1.6.2), mockr
(>= 0.2.0), knitr (>= 1.41), rmarkdown (>= 2.20), testthat (>=
3.1.6)",NA,"MIT + file LICENSE",NA,NA,NA,NA,"no","R 4.6.1; ; 2026-07-18 04:57:00 UTC; windows",NA
"timechange","timechange","D:/frda_cardio_analysis/scripts/R/renv/library/windows/R-4.6/x86_64-w64-mingw32","0.4.0",NA,"R (>= 3.3)",NA,"cpp11 (>= 0.2.7)","testthat (>= 0.7.1.99), knitr",NA,"GPL (>= 3)",NA,NA,NA,NA,"yes","R 4.6.1; x86_64-w64-mingw32; 2026-07-18 02:17:01 UTC; windows",NA
"tinytex","tinytex","D:/frda_cardio_analysis/scripts/R/renv/library/windows/R-4.6/x86_64-w64-mingw32","0.60",NA,NA,"xfun (>= 0.48)",NA,"testit, rstudioapi",NA,"MIT + file LICENSE",NA,NA,NA,NA,"no","R 4.6.1; ; 2026-07-16 01:55:53 UTC; windows",NA
"tzdb","tzdb","D:/frda_cardio_analysis/scripts/R/renv/library/windows/R-4.6/x86_64-w64-mingw32","0.5.0",NA,"R (>= 4.0.0)",NA,"cpp11 (>= 0.5.2)","covr, testthat (>= 3.0.0)",NA,"MIT + file LICENSE",NA,NA,NA,NA,"yes","R 4.6.1; x86_64-w64-mingw32; 2026-07-18 02:17:03 UTC; windows",NA
"urlchecker","urlchecker","D:/frda_cardio_analysis/scripts/R/renv/library/windows/R-4.6/x86_64-w64-mingw32","2.0.0",NA,"R (>= 4.1)","cli, curl, gitcreds, rlang (>= 1.1.0), tools, utils, xml2",NA,"covr, testthat (>= 3.0.0), webfakes, withr",NA,"GPL-3",NA,NA,NA,NA,"no","R 4.6.1; ; 2026-07-16 01:56:32 UTC; windows",NA
"usethis","usethis","D:/frda_cardio_analysis/scripts/R/renv/library/windows/R-4.6/x86_64-w64-mingw32","3.2.1",NA,"R (>= 4.1)","cli (>= 3.0.1), clipr (>= 0.3.0), crayon, curl (>= 2.7), desc
(>= 1.4.2), fs (>= 1.3.0), gert (>= 1.4.1), gh (>= 1.2.1), glue
(>= 1.3.0), jsonlite, lifecycle (>= 1.0.0), purrr, rappdirs,
rlang (>= 1.1.0), rprojroot (>= 2.1.1), rstudioapi, stats,
tools, utils, whisker, withr (>= 2.3.0), yaml",NA,"covr, knitr, magick, pkgload (>= 1.3.2.1), quarto (>= 1.5.1),
rmarkdown, roxygen2 (>= 7.1.2), spelling (>= 1.2), testthat (>=
3.1.8)",NA,"MIT + file LICENSE",NA,NA,NA,NA,"no","R 4.6.1; ; 2026-07-16 03:00:09 UTC; windows",NA
"utf8","utf8","D:/frda_cardio_analysis/scripts/R/renv/library/windows/R-4.6/x86_64-w64-mingw32","1.2.6",NA,"R (>= 2.10)",NA,NA,"cli, covr, knitr, rlang, rmarkdown, testthat (>= 3.0.0),
withr",NA,"Apache License (== 2.0) | file LICENSE",NA,NA,NA,NA,"yes","R 4.6.1; x86_64-w64-mingw32; 2026-07-14 01:01:13 UTC; windows",NA
"uuid","uuid","D:/frda_cardio_analysis/scripts/R/renv/library/windows/R-4.6/x86_64-w64-mingw32","1.2-2",NA,"R (>= 2.9.0)",NA,NA,NA,NA,"MIT + file LICENSE",NA,NA,NA,NA,"yes","R 4.6.0; x86_64-w64-mingw32; 2026-04-21 00:42:12 UTC; windows",NA
"vctrs","vctrs","D:/frda_cardio_analysis/scripts/R/renv/library/windows/R-4.6/x86_64-w64-mingw32","0.7.3",NA,"R (>= 4.0.0)","cli (>= 3.4.0), glue, lifecycle (>= 1.0.3), rlang (>= 1.1.7)",NA,"bit64, covr, crayon, dplyr (>= 0.8.5), generics, knitr,
pillar (>= 1.4.4), pkgdown (>= 2.0.1), rmarkdown, testthat (>=
3.0.0), tibble (>= 3.1.3), waldo (>= 0.2.0), withr, xml2,
zeallot",NA,"MIT + file LICENSE",NA,NA,NA,NA,"yes","R 4.6.1; x86_64-w64-mingw32; 2026-07-14 02:18:03 UTC; windows",NA
"viridisLite","viridisLite","D:/frda_cardio_analysis/scripts/R/renv/library/windows/R-4.6/x86_64-w64-mingw32","0.4.3",NA,"R (>= 2.10)",NA,NA,"hexbin (>= 1.27.0), ggplot2 (>= 1.0.1), testthat, covr",NA,"MIT + file LICENSE",NA,NA,NA,NA,"no","R 4.6.1; ; 2026-07-14 01:01:13 UTC; windows",NA
"vroom","vroom","D:/frda_cardio_analysis/scripts/R/renv/library/windows/R-4.6/x86_64-w64-mingw32","1.7.1",NA,"R (>= 4.1)","bit64, cli (>= 3.2.0), crayon, glue, hms, lifecycle (>=
1.0.3), methods, rlang (>= 1.1.0), stats, tibble (>= 2.0.0),
tidyselect, tzdb (>= 0.1.1), vctrs (>= 0.2.0), withr","cpp11 (>= 0.2.0), progress (>= 1.2.3), tzdb (>= 0.1.1)","archive, bench (>= 1.1.0), covr, curl, dplyr, forcats, fs,
ggplot2, knitr, patchwork, prettyunits, purrr, rmarkdown,
rstudioapi, scales, spelling, testthat (>= 2.1.0), tidyr,
utils, waldo, xml2",NA,"MIT + file LICENSE",NA,NA,NA,NA,"yes","R 4.6.1; x86_64-w64-mingw32; 2026-07-18 03:33:25 UTC; windows",NA
"waldo","waldo","D:/frda_cardio_analysis/scripts/R/renv/library/windows/R-4.6/x86_64-w64-mingw32","0.6.2",NA,"R (>= 4.0)","cli, diffobj (>= 0.3.4), glue, methods, rlang (>= 1.1.0)",NA,"bit64, R6, S7, testthat (>= 3.0.0), withr, xml2",NA,"MIT + file LICENSE",NA,NA,NA,NA,"no","R 4.6.1; ; 2026-07-16 01:56:09 UTC; windows",NA
"whisker","whisker","D:/frda_cardio_analysis/scripts/R/renv/library/windows/R-4.6/x86_64-w64-mingw32","0.4.1",NA,NA,NA,NA,"markdown",NA,"GPL-3",NA,NA,NA,NA,"no","R 4.6.1; ; 2026-07-16 01:00:58 UTC; windows",NA
"withr","withr","D:/frda_cardio_analysis/scripts/R/renv/library/windows/R-4.6/x86_64-w64-mingw32","3.0.3",NA,"R (>= 3.6.0)","graphics, grDevices",NA,"callr, DBI, knitr, methods, rlang, rmarkdown (>= 2.12),
RSQLite, testthat (>= 3.0.0)",NA,"MIT + file LICENSE",NA,NA,NA,NA,"no","R 4.6.1; ; 2026-07-14 01:01:13 UTC; windows",NA
"xfun","xfun","D:/frda_cardio_analysis/scripts/R/renv/library/windows/R-4.6/x86_64-w64-mingw32","0.60",NA,"R (>= 3.2.0)","grDevices, stats, tools",NA,"testit, parallel, codetools, methods, rstudioapi, tinytex (>=
0.30), mime, litedown (>= 0.6), commonmark, knitr (>= 1.50),
remotes, pak, curl, xml2, jsonlite, magick, yaml, data.table,
qs2",NA,"MIT + file LICENSE",NA,NA,NA,NA,"yes","R 4.6.1; x86_64-w64-mingw32; 2026-07-16 00:59:28 UTC; windows",NA
"xml2","xml2","D:/frda_cardio_analysis/scripts/R/renv/library/windows/R-4.6/x86_64-w64-mingw32","1.6.0",NA,"R (>= 3.6.0)","cli, methods, rlang (>= 1.1.0)",NA,"covr, curl, httr, knitr, mockery, rmarkdown, testthat (>=
3.2.0), xslt",NA,"MIT + file LICENSE",NA,NA,NA,NA,"yes","R 4.6.1; x86_64-w64-mingw32; 2026-07-16 01:55:54 UTC; windows",NA
"xopen","xopen","D:/frda_cardio_analysis/scripts/R/renv/library/windows/R-4.6/x86_64-w64-mingw32","1.0.1",NA,"R (>= 3.1)","processx",NA,"ps, testthat (>= 3.0.0)",NA,"MIT + file LICENSE",NA,NA,NA,NA,"no","R 4.6.1; ; 2026-07-16 02:17:56 UTC; windows",NA
"xtable","xtable","D:/frda_cardio_analysis/scripts/R/renv/library/windows/R-4.6/x86_64-w64-mingw32","1.8-8",NA,"R (>= 2.10.0)","stats, utils, methods",NA,"knitr, zoo, survival, glue, tinytex",NA,"GPL (>= 2)",NA,NA,NA,NA,"no","R 4.6.1; ; 2026-07-16 00:58:58 UTC; windows",NA
"XVector","XVector","D:/frda_cardio_analysis/scripts/R/renv/library/windows/R-4.6/x86_64-w64-mingw32","0.52.0",NA,"R (>= 4.0.0), methods, BiocGenerics (>= 0.37.0), S4Vectors (>=
0.27.12), IRanges (>= 2.43.8)","methods, utils, stats, tools, BiocGenerics, S4Vectors, IRanges","S4Vectors, IRanges","Biostrings, drosophila2probe, RUnit",NA,"Artistic-2.0",NA,NA,NA,NA,"yes","R 4.6.0; x86_64-w64-mingw32; 2026-04-29 10:56:17 UTC; windows",NA
"yaml","yaml","D:/frda_cardio_analysis/scripts/R/renv/library/windows/R-4.6/x86_64-w64-mingw32","2.3.12",NA,NA,NA,NA,"knitr, rmarkdown, testthat (>= 3.0.0)",NA,"BSD_3_clause + file LICENSE",NA,NA,NA,NA,"yes","R 4.6.1; x86_64-w64-mingw32; 2026-07-14 01:01:24 UTC; windows",NA
"zip","zip","D:/frda_cardio_analysis/scripts/R/renv/library/windows/R-4.6/x86_64-w64-mingw32","3.0.1",NA,NA,NA,"cli","callr, cli, curl, pillar, processx, R6, testthat, webfakes,
withr",NA,"MIT + file LICENSE",NA,NA,NA,NA,"yes","R 4.6.1; x86_64-w64-mingw32; 2026-07-16 01:01:02 UTC; windows",NA
"base","base","C:/Users/hp/AppData/Local/R/cache/R/renv/sandbox/windows/R-4.6/x86_64-w64-mingw32/862924a9","4.6.1","base",NA,NA,NA,"methods","chron, date, round","Part of R 4.6.1",NA,NA,NA,NA,NA,"R 4.6.1; ; 2026-06-24 08:20:51 UTC; windows",NA
"boot","boot","C:/Users/hp/AppData/Local/R/cache/R/renv/sandbox/windows/R-4.6/x86_64-w64-mingw32/862924a9","1.3-32","recommended","R (>= 3.0.0), graphics, stats",NA,NA,"MASS, survival",NA,"Unlimited",NA,NA,NA,NA,"no","R 4.6.1; ; 2026-06-24 08:32:04 UTC; windows",NA
"class","class","C:/Users/hp/AppData/Local/R/cache/R/renv/sandbox/windows/R-4.6/x86_64-w64-mingw32/862924a9","7.3-23","recommended","R (>= 3.0.0), stats, utils","MASS",NA,NA,NA,"GPL-2 | GPL-3",NA,NA,NA,NA,"yes","R 4.6.1; x86_64-w64-mingw32; 2026-06-24 08:33:04 UTC; windows",NA
"cluster","cluster","C:/Users/hp/AppData/Local/R/cache/R/renv/sandbox/windows/R-4.6/x86_64-w64-mingw32/862924a9","2.1.8.2","recommended","R (>= 3.5.0)","graphics, grDevices, stats, utils",NA,"MASS, Matrix","mvoutlier, fpc, ellipse, sfsmisc","GPL (>= 2)",NA,NA,NA,NA,"yes","R 4.6.1; x86_64-w64-mingw32; 2026-06-24 08:32:11 UTC; windows",NA
"codetools","codetools","C:/Users/hp/AppData/Local/R/cache/R/renv/sandbox/windows/R-4.6/x86_64-w64-mingw32/862924a9","0.2-20","recommended","R (>= 2.1)",NA,NA,NA,NA,"GPL",NA,NA,NA,NA,"no","R 4.6.1; ; 2026-06-24 08:32:25 UTC; windows",NA
"compiler","compiler","C:/Users/hp/AppData/Local/R/cache/R/renv/sandbox/windows/R-4.6/x86_64-w64-mingw32/862924a9","4.6.1","base",NA,NA,NA,NA,NA,"Part of R 4.6.1",NA,NA,NA,NA,NA,"R 4.6.1; ; 2026-06-24 08:14:21 UTC; windows",NA
"datasets","datasets","C:/Users/hp/AppData/Local/R/cache/R/renv/sandbox/windows/R-4.6/x86_64-w64-mingw32/862924a9","4.6.1","base",NA,NA,NA,NA,NA,"Part of R 4.6.1",NA,NA,NA,NA,NA,"R 4.6.1; ; 2026-06-24 08:19:02 UTC; windows",NA
"foreign","foreign","C:/Users/hp/AppData/Local/R/cache/R/renv/sandbox/windows/R-4.6/x86_64-w64-mingw32/862924a9","0.8-91","recommended","R (>= 4.0.0)","methods, utils, stats",NA,NA,NA,"GPL (>= 2)",NA,NA,NA,NA,"yes","R 4.6.1; x86_64-w64-mingw32; 2026-06-24 08:32:28 UTC; windows",NA
"graphics","graphics","C:/Users/hp/AppData/Local/R/cache/R/renv/sandbox/windows/R-4.6/x86_64-w64-mingw32/862924a9","4.6.1","base",NA,"grDevices",NA,NA,"vcd","Part of R 4.6.1",NA,NA,NA,NA,"yes","R 4.6.1; x86_64-w64-mingw32; 2026-06-24 08:16:56 UTC; windows",NA
"grDevices","grDevices","C:/Users/hp/AppData/Local/R/cache/R/renv/sandbox/windows/R-4.6/x86_64-w64-mingw32/862924a9","4.6.1","base",NA,NA,NA,"KernSmooth",NA,"Part of R 4.6.1",NA,NA,NA,NA,"yes","R 4.6.1; x86_64-w64-mingw32; 2026-06-24 08:16:14 UTC; windows",NA
"grid","grid","C:/Users/hp/AppData/Local/R/cache/R/renv/sandbox/windows/R-4.6/x86_64-w64-mingw32/862924a9","4.6.1","base",NA,"grDevices, utils",NA,NA,NA,"Part of R 4.6.1",NA,NA,NA,NA,"yes","R 4.6.1; x86_64-w64-mingw32; 2026-06-24 08:19:46 UTC; windows",NA
"KernSmooth","KernSmooth","C:/Users/hp/AppData/Local/R/cache/R/renv/sandbox/windows/R-4.6/x86_64-w64-mingw32/862924a9","2.23-26","recommended","R (>= 2.5.0), stats",NA,NA,"MASS, carData",NA,"Unlimited",NA,NA,NA,NA,"yes","R 4.6.1; x86_64-w64-mingw32; 2026-06-24 08:32:40 UTC; windows",NA
"lattice","lattice","C:/Users/hp/AppData/Local/R/cache/R/renv/sandbox/windows/R-4.6/x86_64-w64-mingw32/862924a9","0.22-9","recommended","R (>= 4.0.0)","grid, grDevices, graphics, stats, utils",NA,"KernSmooth, MASS, latticeExtra, colorspace","chron, zoo","GPL (>= 2)",NA,NA,NA,NA,"yes","R 4.6.1; x86_64-w64-mingw32; 2026-06-24 08:23:40 UTC; windows",NA
"MASS","MASS","C:/Users/hp/AppData/Local/R/cache/R/renv/sandbox/windows/R-4.6/x86_64-w64-mingw32/862924a9","7.3-65","recommended","R (>= 4.4.0), grDevices, graphics, stats, utils","methods",NA,"lattice, nlme, nnet, survival",NA,"GPL-2 | GPL-3",NA,NA,NA,NA,"yes","R 4.6.1; x86_64-w64-mingw32; 2026-06-24 08:23:25 UTC; windows",NA
"Matrix","Matrix","C:/Users/hp/AppData/Local/R/cache/R/renv/sandbox/windows/R-4.6/x86_64-w64-mingw32/862924a9","1.7-5","recommended","R (>= 4.4), methods","grDevices, graphics, grid, lattice, stats, utils",NA,"MASS, datasets, sfsmisc, tools","SparseM, graph","GPL (>= 2) | file LICENCE",NA,NA,NA,NA,"yes","R 4.6.1; x86_64-w64-mingw32; 2026-06-24 08:23:58 UTC; windows",NA
"methods","methods","C:/Users/hp/AppData/Local/R/cache/R/renv/sandbox/windows/R-4.6/x86_64-w64-mingw32/862924a9","4.6.1","base",NA,"utils, stats",NA,"codetools",NA,"Part of R 4.6.1",NA,NA,NA,NA,"yes","R 4.6.1; x86_64-w64-mingw32; 2026-06-24 08:19:12 UTC; windows",NA
"mgcv","mgcv","C:/Users/hp/AppData/Local/R/cache/R/renv/sandbox/windows/R-4.6/x86_64-w64-mingw32/862924a9","1.9-4","recommended","R (>= 4.4.0), nlme (>= 3.1-64)","methods, stats, graphics, Matrix, splines, utils",NA,"parallel, survival, MASS",NA,"GPL (>= 2)",NA,NA,NA,NA,"yes","R 4.6.1; x86_64-w64-mingw32; 2026-06-24 08:33:21 UTC; windows",NA
"nlme","nlme","C:/Users/hp/AppData/Local/R/cache/R/renv/sandbox/windows/R-4.6/x86_64-w64-mingw32/862924a9","3.1-169","recommended","R (>= 3.6.0)","graphics, stats, utils, lattice",NA,"MASS, SASmixed",NA,"GPL (>= 2)",NA,NA,NA,NA,"yes","R 4.6.1; x86_64-w64-mingw32; 2026-06-24 08:30:23 UTC; windows",NA
"nnet","nnet","C:/Users/hp/AppData/Local/R/cache/R/renv/sandbox/windows/R-4.6/x86_64-w64-mingw32/862924a9","7.3-20","recommended","R (>= 3.0.0), stats, utils",NA,NA,"MASS",NA,"GPL-2 | GPL-3",NA,NA,NA,NA,"yes","R 4.6.1; x86_64-w64-mingw32; 2026-06-24 08:33:09 UTC; windows",NA
"parallel","parallel","C:/Users/hp/AppData/Local/R/cache/R/renv/sandbox/windows/R-4.6/x86_64-w64-mingw32/862924a9","4.6.1","base",NA,"tools, compiler",NA,"methods","snow, Rmpi, mirai, parallelly","Part of R 4.6.1",NA,NA,NA,NA,"yes","R 4.6.1; x86_64-w64-mingw32; 2026-06-24 08:20:30 UTC; windows",NA
"rpart","rpart","C:/Users/hp/AppData/Local/R/cache/R/renv/sandbox/windows/R-4.6/x86_64-w64-mingw32/862924a9","4.1.27","recommended","R (>= 2.15.0), graphics, stats, grDevices",NA,NA,"survival",NA,"GPL-2 | GPL-3",NA,NA,NA,NA,"yes","R 4.6.1; x86_64-w64-mingw32; 2026-06-24 08:32:48 UTC; windows",NA
"spatial","spatial","C:/Users/hp/AppData/Local/R/cache/R/renv/sandbox/windows/R-4.6/x86_64-w64-mingw32/862924a9","7.3-18","recommended","R (>= 3.0.0), graphics, stats, utils",NA,NA,"MASS",NA,"GPL-2 | GPL-3",NA,NA,NA,NA,"yes","R 4.6.1; x86_64-w64-mingw32; 2026-06-24 08:33:14 UTC; windows",NA
"splines","splines","C:/Users/hp/AppData/Local/R/cache/R/renv/sandbox/windows/R-4.6/x86_64-w64-mingw32/862924a9","4.6.1","base",NA,"graphics, stats",NA,"Matrix, methods",NA,"Part of R 4.6.1",NA,NA,NA,NA,"yes","R 4.6.1; x86_64-w64-mingw32; 2026-06-24 08:20:12 UTC; windows",NA
"stats","stats","C:/Users/hp/AppData/Local/R/cache/R/renv/sandbox/windows/R-4.6/x86_64-w64-mingw32/862924a9","4.6.1","base",NA,"utils, grDevices, graphics",NA,"MASS, Matrix, SuppDists, methods, stats4","Kendall, coin, multcomp, pcaPP, pspearman, robustbase","Part of R 4.6.1",NA,NA,NA,NA,"yes","R 4.6.1; x86_64-w64-mingw32; 2026-06-24 08:17:23 UTC; windows",NA
"stats4","stats4","C:/Users/hp/AppData/Local/R/cache/R/renv/sandbox/windows/R-4.6/x86_64-w64-mingw32/862924a9","4.6.1","base",NA,"graphics, methods, stats",NA,NA,NA,"Part of R 4.6.1",NA,NA,NA,NA,NA,"R 4.6.1; ; 2026-06-24 08:20:17 UTC; windows",NA
"survival","survival","C:/Users/hp/AppData/Local/R/cache/R/renv/sandbox/windows/R-4.6/x86_64-w64-mingw32/862924a9","3.8-6","recommended","R (>= 3.5.0)","graphics, Matrix, methods, splines, stats, utils",NA,NA,NA,"LGPL (>= 2)",NA,NA,NA,NA,"yes","R 4.6.1; x86_64-w64-mingw32; 2026-06-24 08:30:55 UTC; windows",NA
"tcltk","tcltk","C:/Users/hp/AppData/Local/R/cache/R/renv/sandbox/windows/R-4.6/x86_64-w64-mingw32/862924a9","4.6.1","base",NA,"utils",NA,NA,NA,"Part of R 4.6.1",NA,NA,NA,NA,"yes","R 4.6.1; x86_64-w64-mingw32; 2026-06-24 08:20:20 UTC; windows",NA
"tools","tools","C:/Users/hp/AppData/Local/R/cache/R/renv/sandbox/windows/R-4.6/x86_64-w64-mingw32/862924a9","4.6.1","base",NA,NA,NA,"codetools, methods, xml2, curl, commonmark, knitr, xfun,
mathjaxr, V8, bibtex",NA,"Part of R 4.6.1",NA,NA,NA,NA,"yes","R 4.6.1; x86_64-w64-mingw32; 2026-06-24 08:14:19 UTC; windows",NA
"utils","utils","C:/Users/hp/AppData/Local/R/cache/R/renv/sandbox/windows/R-4.6/x86_64-w64-mingw32/862924a9","4.6.1","base",NA,NA,NA,"methods, xml2, commonmark, knitr, jsonlite",NA,"Part of R 4.6.1",NA,NA,NA,NA,"yes","R 4.6.1; x86_64-w64-mingw32; 2026-06-24 08:15:23 UTC; windows",NA
